2026-10-09 02:00:00 INFO  acme-cache: retry scheduled
2026-10-09 02:07:13 INFO  scheduler: connection reused
2026-10-09 02:14:26 INFO  beta: fetch ok
2026-10-09 02:21:39 INFO  http: fetch ok
2026-10-09 02:28:52 INFO  acme-cache: heartbeat
2026-10-09 02:35:05 INFO  beta: heartbeat
2026-10-09 02:42:18 INFO  beta: fetch ok
2026-10-09 02:49:31 INFO  beta: parsed batch
2026-10-09 02:56:44 INFO  scheduler: fetch ok
2026-10-09 02:03:57 INFO  beta: fetch ok
2026-10-09 02:10:10 INFO  http: parsed batch
2026-10-09 02:17:23 INFO  beta: heartbeat
2026-10-09 02:24:36 INFO  beta: retry scheduled
2026-10-09 02:31:49 INFO  http: fetch ok
2026-10-09 02:38:02 INFO  http: heartbeat
2026-10-09 02:45:15 INFO  scheduler: fetch ok
2026-10-09 02:52:28 INFO  beta: fetch ok
2026-10-09 02:59:41 INFO  http: retry scheduled
2026-10-09 02:06:54 INFO  acme-cache: parsed batch
2026-10-09 02:13:07 INFO  beta: heartbeat
2026-10-09 02:20:20 INFO  beta: heartbeat
2026-10-09 02:27:33 INFO  acme-cache: heartbeat
2026-10-09 02:34:46 INFO  beta: fetch ok
2026-10-09 02:41:59 INFO  http: heartbeat
2026-10-09 02:48:12 INFO  beta: cache hit
2026-10-09 02:55:25 INFO  beta: heartbeat
2026-10-09 02:02:38 INFO  beta: heartbeat
2026-10-09 02:09:51 INFO  beta: heartbeat
2026-10-09 02:16:04 INFO  beta: parsed batch
2026-10-09 02:23:17 INFO  http: parsed batch
2026-10-09 02:30:30 INFO  acme-cache: parsed batch
2026-10-09 02:37:43 INFO  http: parsed batch
2026-10-09 02:44:56 INFO  acme-cache: cache hit
2026-10-09 02:51:09 INFO  beta: retry scheduled
2026-10-09 02:58:22 INFO  beta: fetch ok
2026-10-09 02:05:35 INFO  http: cache hit
2026-10-09 02:12:48 INFO  http: parsed batch
2026-10-09 02:19:01 INFO  acme-cache: connection reused
2026-10-09 02:26:14 INFO  scheduler: cache hit
2026-10-09 02:33:27 INFO  http: fetch ok
2026-10-09 02:40:40 INFO  beta: heartbeat
2026-10-09 02:47:53 INFO  scheduler: retry scheduled
2026-10-09 02:54:06 INFO  acme-cache: retry scheduled
2026-10-09 02:01:19 INFO  scheduler: parsed batch
2026-10-09 02:08:32 INFO  beta: connection reused
2026-10-09 02:15:45 INFO  beta: heartbeat
2026-10-09 02:22:58 INFO  http: cache hit
2026-10-09 02:29:11 INFO  acme-cache: connection reused
2026-10-09 02:36:24 INFO  acme-cache: heartbeat
2026-10-09 02:43:37 INFO  scheduler: heartbeat
2026-10-09 02:50:50 INFO  scheduler: fetch ok
2026-10-09 02:57:03 INFO  beta: cache hit
2026-10-09 02:04:16 INFO  scheduler: connection reused
2026-10-09 02:11:29 INFO  beta: fetch ok
2026-10-09 02:18:42 INFO  acme-cache: connection reused
2026-10-09 02:25:55 INFO  http: connection reused
2026-10-09 02:32:08 INFO  scheduler: cache hit
2026-10-09 02:39:21 INFO  scheduler: connection reused
2026-10-09 02:46:34 INFO  acme-cache: fetch ok
2026-10-09 02:53:47 INFO  scheduler: cache hit
2026-10-09 02:00:00 INFO  beta: heartbeat
2026-10-09 02:07:13 INFO  beta: parsed batch
2026-10-09 02:14:26 INFO  beta: retry scheduled
2026-10-09 02:21:39 INFO  acme-cache: retry scheduled
2026-10-09 02:28:52 INFO  beta: parsed batch
2026-10-09 02:35:05 INFO  scheduler: parsed batch
2026-10-09 02:42:18 INFO  beta: retry scheduled
2026-10-09 02:49:31 INFO  scheduler: parsed batch
2026-10-09 02:56:44 INFO  http: cache hit
2026-10-09 02:03:57 INFO  beta: parsed batch
2026-10-09 02:10:10 INFO  http: cache hit
2026-10-09 02:17:23 INFO  scheduler: cache hit
2026-10-09 02:24:36 INFO  scheduler: retry scheduled
2026-10-09 02:31:49 INFO  beta: fetch ok
2026-10-09 02:38:02 INFO  beta: retry scheduled
2026-10-09 02:45:15 INFO  beta: connection reused
2026-10-09 02:52:28 INFO  beta: fetch ok
2026-10-09 02:59:41 INFO  scheduler: heartbeat
2026-10-09 02:06:54 INFO  beta: cache hit
2026-10-09 02:13:07 INFO  acme-cache: fetch ok
2026-10-09 02:20:20 INFO  beta: parsed batch
2026-10-09 02:27:33 INFO  http: cache hit
2026-10-09 02:34:46 INFO  http: heartbeat
2026-10-09 02:41:59 INFO  acme-cache: retry scheduled
2026-10-09 02:48:12 INFO  http: heartbeat
2026-10-09 02:55:25 INFO  beta: parsed batch
2026-10-09 02:02:38 INFO  http: parsed batch
2026-10-09 02:09:51 INFO  scheduler: parsed batch
2026-10-09 02:16:04 INFO  scheduler: fetch ok
2026-10-09 02:23:17 INFO  scheduler: connection reused
2026-10-09 02:30:30 INFO  scheduler: fetch ok
2026-10-09 02:37:43 INFO  beta: fetch ok
2026-10-09 02:44:56 INFO  beta: parsed batch
2026-10-09 02:51:09 INFO  beta: fetch ok
2026-10-09 02:58:22 INFO  acme-cache: heartbeat
2026-10-09 02:05:35 INFO  beta: fetch ok
2026-10-09 02:12:48 INFO  beta: heartbeat
2026-10-09 02:19:01 INFO  beta: heartbeat
2026-10-09 02:26:14 INFO  beta: cache hit
2026-10-09 02:33:27 INFO  http: fetch ok
2026-10-09 02:40:40 INFO  beta: retry scheduled
2026-10-09 02:47:53 INFO  http: parsed batch
2026-10-09 02:54:06 INFO  beta: connection reused
2026-10-09 02:01:19 INFO  acme-cache: cache hit
2026-10-09 02:08:32 INFO  http: cache hit
2026-10-09 02:15:45 INFO  scheduler: fetch ok
2026-10-09 02:22:58 INFO  beta: parsed batch
2026-10-09 02:29:11 INFO  scheduler: parsed batch
2026-10-09 02:36:24 INFO  scheduler: cache hit
2026-10-09 02:43:37 INFO  beta: retry scheduled
2026-10-09 02:50:50 INFO  beta: connection reused
2026-10-09 02:57:03 INFO  acme-cache: connection reused
2026-10-09 02:04:16 INFO  acme-cache: parsed batch
2026-10-09 02:11:29 INFO  beta: heartbeat
2026-10-09 02:18:42 INFO  beta: retry scheduled
2026-10-09 02:25:55 INFO  http: cache hit
2026-10-09 02:32:08 INFO  beta: connection reused
2026-10-09 02:39:21 INFO  http: fetch ok
2026-10-09 02:46:34 INFO  http: cache hit
2026-10-09 02:53:47 INFO  beta: connection reused
2026-10-09 02:00:00 INFO  acme-cache: heartbeat
2026-10-09 02:07:13 INFO  acme-cache: retry scheduled
2026-10-09 02:14:26 INFO  acme-cache: retry scheduled
2026-10-09 02:21:39 INFO  http: heartbeat
2026-10-09 02:28:52 INFO  http: cache hit
2026-10-09 02:35:05 INFO  beta: heartbeat
2026-10-09 02:42:18 INFO  beta: retry scheduled
2026-10-09 02:49:31 INFO  scheduler: connection reused
2026-10-09 02:56:44 INFO  beta: retry scheduled
2026-10-09 02:03:57 INFO  http: parsed batch
2026-10-09 02:10:10 INFO  acme-cache: connection reused
2026-10-09 02:17:23 INFO  beta: fetch ok
2026-10-09 02:24:36 INFO  acme-cache: parsed batch
2026-10-09 02:31:49 INFO  acme-cache: retry scheduled
2026-10-09 02:38:02 INFO  http: cache hit
2026-10-09 02:45:15 INFO  scheduler: connection reused
2026-10-09 02:52:28 INFO  acme-cache: cache hit
2026-10-09 02:59:41 INFO  beta: retry scheduled
2026-10-09 02:06:54 INFO  beta: retry scheduled
2026-10-09 02:13:07 INFO  scheduler: retry scheduled
2026-10-09 02:20:20 INFO  acme-cache: retry scheduled
2026-10-09 02:27:33 INFO  scheduler: heartbeat
2026-10-09 02:34:46 INFO  http: fetch ok
2026-10-09 02:41:59 INFO  scheduler: connection reused
2026-10-09 02:48:12 INFO  acme-cache: connection reused
2026-10-09 02:55:25 INFO  beta: connection reused
2026-10-09 02:02:38 INFO  beta: parsed batch
2026-10-09 02:09:51 INFO  beta: parsed batch
2026-10-09 02:16:04 INFO  beta: parsed batch
2026-10-09 02:23:17 INFO  acme-cache: fetch ok
2026-10-09 02:30:30 INFO  scheduler: parsed batch
2026-10-09 02:37:43 INFO  scheduler: connection reused
2026-10-09 02:44:56 INFO  beta: connection reused
2026-10-09 02:51:09 INFO  beta: retry scheduled
2026-10-09 02:58:22 INFO  beta: fetch ok
2026-10-09 02:05:35 INFO  beta: heartbeat
2026-10-09 02:12:48 INFO  scheduler: connection reused
2026-10-09 02:19:01 INFO  beta: heartbeat
2026-10-09 02:26:14 INFO  http: parsed batch
2026-10-09 02:33:27 INFO  acme-cache: retry scheduled
2026-10-09 02:40:40 INFO  http: heartbeat
2026-10-09 02:47:53 INFO  beta: fetch ok
2026-10-09 02:54:06 INFO  beta: connection reused
2026-10-09 02:01:19 INFO  beta: heartbeat
2026-10-09 02:08:32 INFO  beta: parsed batch
2026-10-09 02:15:45 INFO  beta: retry scheduled
2026-10-09 02:22:58 INFO  beta: cache hit
2026-10-09 02:29:11 INFO  beta: cache hit
2026-10-09 02:36:24 INFO  http: retry scheduled
2026-10-09 02:43:37 INFO  http: cache hit
2026-10-09 02:50:50 INFO  acme-cache: heartbeat
2026-10-09 02:57:03 INFO  scheduler: retry scheduled
2026-10-09 02:04:16 INFO  beta: connection reused
2026-10-09 02:11:29 INFO  acme-cache: parsed batch
2026-10-09 02:18:42 INFO  http: heartbeat
2026-10-09 02:25:55 INFO  scheduler: heartbeat
2026-10-09 02:32:08 INFO  beta: heartbeat
2026-10-09 02:39:21 INFO  beta: heartbeat
2026-10-09 02:46:34 INFO  http: fetch ok
2026-10-09 02:53:47 INFO  scheduler: retry scheduled
2026-10-09 02:00:00 INFO  http: fetch ok
2026-10-09 02:07:13 INFO  beta: retry scheduled
2026-10-09 02:14:26 INFO  beta: parsed batch
2026-10-09 02:21:39 INFO  http: connection reused
2026-10-09 02:28:52 INFO  beta: heartbeat
2026-10-09 02:35:05 INFO  beta: cache hit
2026-10-09 02:42:18 INFO  http: heartbeat
2026-10-09 02:49:31 INFO  http: parsed batch
2026-10-09 02:56:44 INFO  beta: heartbeat
2026-10-09 02:03:57 INFO  beta: retry scheduled
2026-10-09 02:10:10 INFO  beta: cache hit
2026-10-09 02:17:23 INFO  beta: fetch ok
2026-10-09 02:24:36 INFO  http: parsed batch
2026-10-09 02:31:49 INFO  http: fetch ok
2026-10-09 02:38:02 INFO  beta: parsed batch
2026-10-09 02:45:15 INFO  acme-cache: heartbeat
2026-10-09 02:52:28 INFO  http: heartbeat
2026-10-09 02:59:41 INFO  http: retry scheduled
2026-10-09 02:06:54 INFO  acme-cache: parsed batch
2026-10-09 02:13:07 INFO  http: heartbeat
2026-10-09 02:20:20 INFO  scheduler: heartbeat
2026-10-09 02:27:33 INFO  beta: connection reused
2026-10-09 02:34:46 INFO  http: cache hit
2026-10-09 02:41:59 INFO  http: retry scheduled
2026-10-09 02:48:12 INFO  scheduler: retry scheduled
2026-10-09 02:55:25 INFO  scheduler: fetch ok
2026-10-09 02:02:38 INFO  scheduler: parsed batch
2026-10-09 02:09:51 INFO  acme-cache: fetch ok
2026-10-09 02:16:04 INFO  beta: parsed batch
2026-10-09 02:23:17 INFO  beta: retry scheduled
2026-10-09 02:30:30 INFO  acme-cache: fetch ok
2026-10-09 02:37:43 INFO  beta: connection reused
2026-10-09 02:44:56 INFO  acme-cache: retry scheduled
2026-10-09 02:51:09 INFO  acme-cache: retry scheduled
2026-10-09 02:58:22 INFO  scheduler: retry scheduled
2026-10-09 02:05:35 INFO  beta: parsed batch
2026-10-09 02:12:48 INFO  scheduler: retry scheduled
2026-10-09 02:19:01 INFO  beta: retry scheduled
2026-10-09 02:26:14 INFO  scheduler: heartbeat
2026-10-09 02:33:27 INFO  scheduler: cache hit
2026-10-09 02:40:40 INFO  scheduler: retry scheduled
2026-10-09 02:47:53 INFO  acme-cache: cache hit
2026-10-09 02:54:06 INFO  beta: connection reused
2026-10-09 02:01:19 INFO  acme-cache: fetch ok
2026-10-09 02:08:32 INFO  acme-cache: heartbeat
2026-10-09 02:15:45 INFO  scheduler: parsed batch
2026-10-09 02:22:58 INFO  beta: parsed batch
2026-10-09 02:29:11 INFO  acme-cache: heartbeat
2026-10-09 02:36:24 INFO  http: cache hit
2026-10-09 02:43:37 INFO  http: fetch ok
2026-10-09 02:50:50 INFO  beta: retry scheduled
2026-10-09 02:57:03 INFO  beta: fetch ok
2026-10-09 02:04:16 INFO  acme-cache: cache hit
2026-10-09 02:11:29 INFO  beta: retry scheduled
2026-10-09 02:18:42 INFO  acme-cache: retry scheduled
2026-10-09 02:25:55 INFO  scheduler: connection reused
2026-10-09 02:32:08 INFO  acme-cache: parsed batch
2026-10-09 02:39:21 INFO  beta: heartbeat
2026-10-09 02:46:34 INFO  http: heartbeat
2026-10-09 02:53:47 INFO  scheduler: connection reused
2026-10-09 02:00:00 INFO  acme-cache: fetch ok
2026-10-09 02:07:13 INFO  acme-cache: fetch ok
2026-10-09 02:14:26 INFO  beta: parsed batch
2026-10-09 02:21:39 INFO  beta: cache hit
2026-10-09 02:28:52 INFO  beta: connection reused
2026-10-09 02:35:05 INFO  beta: cache hit
2026-10-09 02:42:18 INFO  beta: heartbeat
2026-10-09 02:49:31 INFO  beta: fetch ok
2026-10-09 02:56:44 INFO  acme-cache: fetch ok
2026-10-09 02:03:57 INFO  scheduler: fetch ok
2026-10-09 02:10:10 INFO  acme-cache: heartbeat
2026-10-09 02:17:23 INFO  scheduler: cache hit
2026-10-09 02:24:36 INFO  http: retry scheduled
2026-10-09 02:31:49 INFO  beta: heartbeat
2026-10-09 02:38:02 INFO  beta: fetch ok
2026-10-09 02:45:15 INFO  beta: cache hit
2026-10-09 02:52:28 INFO  beta: retry scheduled
2026-10-09 02:59:41 INFO  beta: cache hit
2026-10-09 02:06:54 INFO  acme-cache: heartbeat
2026-10-09 02:13:07 INFO  beta: cache hit
2026-10-09 02:20:20 INFO  scheduler: heartbeat
2026-10-09 02:27:33 INFO  beta: cache hit
2026-10-09 02:34:46 INFO  acme-cache: fetch ok
2026-10-09 02:41:59 INFO  acme-cache: fetch ok
2026-10-09 02:48:12 INFO  beta: fetch ok
2026-10-09 02:55:25 INFO  http: heartbeat
2026-10-09 02:02:38 INFO  beta: heartbeat
2026-10-09 02:09:51 INFO  scheduler: retry scheduled
2026-10-09 02:16:04 INFO  scheduler: fetch ok
2026-10-09 02:23:17 INFO  scheduler: connection reused
2026-10-09 02:30:30 INFO  scheduler: heartbeat
2026-10-09 02:37:43 INFO  scheduler: heartbeat
2026-10-09 02:44:56 INFO  acme-cache: connection reused
2026-10-09 02:51:09 INFO  beta: retry scheduled
2026-10-09 02:58:22 INFO  acme-cache: retry scheduled
2026-10-09 02:05:35 INFO  beta: parsed batch
2026-10-09 02:12:48 INFO  acme-cache: fetch ok
2026-10-09 02:19:01 INFO  beta: fetch ok
2026-10-09 02:26:14 INFO  beta: connection reused
2026-10-09 02:33:27 INFO  acme-cache: parsed batch
2026-10-09 02:40:40 INFO  beta: fetch ok
2026-10-09 02:47:53 INFO  beta: connection reused
2026-10-09 02:54:06 INFO  scheduler: heartbeat
2026-10-09 02:01:19 INFO  acme-cache: heartbeat
2026-10-09 02:08:32 INFO  beta: connection reused
2026-10-09 02:15:45 INFO  acme-cache: fetch ok
2026-10-09 02:22:58 INFO  scheduler: retry scheduled
2026-10-09 02:29:11 INFO  beta: cache hit
2026-10-09 02:36:24 INFO  scheduler: fetch ok
2026-10-09 02:43:37 INFO  acme-cache: cache hit
2026-10-09 02:50:50 INFO  acme-cache: heartbeat
2026-10-09 02:57:03 INFO  acme-cache: retry scheduled
2026-10-09 02:04:16 INFO  beta: cache hit
2026-10-09 02:11:29 INFO  beta: cache hit
2026-10-09 02:18:42 INFO  beta: fetch ok
2026-10-09 02:25:55 INFO  acme-cache: parsed batch
2026-10-09 02:32:08 INFO  beta: parsed batch
2026-10-09 02:39:21 INFO  acme-cache: heartbeat
2026-10-09 02:46:34 INFO  beta: retry scheduled
2026-10-09 02:53:47 INFO  http: fetch ok
2026-10-09 02:00:00 INFO  beta: cache hit
2026-10-09 02:07:13 INFO  beta: retry scheduled
2026-10-09 02:14:26 INFO  scheduler: heartbeat
2026-10-09 02:21:39 INFO  beta: parsed batch
2026-10-09 02:28:52 INFO  beta: cache hit
2026-10-09 02:35:05 INFO  acme-cache: connection reused
2026-10-09 02:42:18 INFO  beta: fetch ok
2026-10-09 02:49:31 INFO  http: heartbeat
2026-10-09 02:56:44 INFO  beta: connection reused
2026-10-09 02:03:57 INFO  http: parsed batch
2026-10-09 02:10:10 INFO  acme-cache: connection reused
2026-10-09 02:17:23 INFO  scheduler: retry scheduled
2026-10-09 02:24:36 INFO  acme-cache: connection reused
2026-10-09 02:31:49 INFO  http: connection reused
2026-10-09 02:38:02 INFO  beta: fetch ok
2026-10-09 02:45:15 INFO  http: connection reused
2026-10-09 02:52:28 INFO  scheduler: connection reused
2026-10-09 02:59:41 INFO  http: retry scheduled
2026-10-09 02:06:54 INFO  http: heartbeat
2026-10-09 02:13:07 INFO  http: fetch ok
2026-10-09 02:20:20 INFO  http: connection reused
2026-10-09 02:27:33 INFO  beta: fetch ok
2026-10-09 02:34:46 INFO  beta: fetch ok
2026-10-09 02:41:59 INFO  beta: connection reused
2026-10-09 02:48:12 INFO  acme-cache: fetch ok
2026-10-09 02:55:25 INFO  scheduler: parsed batch
2026-10-09 02:02:38 INFO  http: fetch ok
2026-10-09 02:09:51 INFO  beta: connection reused
2026-10-09 02:16:04 INFO  http: connection reused
2026-10-09 02:23:17 INFO  beta: parsed batch
2026-10-09 02:30:30 INFO  acme-cache: fetch ok
2026-10-09 02:37:43 INFO  scheduler: fetch ok
2026-10-09 02:44:56 INFO  http: heartbeat
2026-10-09 02:51:09 INFO  beta: connection reused
2026-10-09 02:58:22 INFO  http: fetch ok
2026-10-09 02:05:35 INFO  scheduler: cache hit
2026-10-09 02:12:48 INFO  beta: cache hit
2026-10-09 02:19:01 INFO  beta: connection reused
2026-10-09 02:26:14 INFO  beta: retry scheduled
2026-10-09 02:33:27 INFO  scheduler: parsed batch
2026-10-09 02:40:40 INFO  scheduler: fetch ok
2026-10-09 02:47:53 INFO  scheduler: connection reused
2026-10-09 02:54:06 INFO  acme-cache: fetch ok
2026-10-09 02:01:19 INFO  http: connection reused
2026-10-09 02:08:32 INFO  beta: fetch ok
2026-10-09 02:15:45 INFO  http: retry scheduled
2026-10-09 02:22:58 INFO  acme-cache: cache hit
2026-10-09 02:29:11 INFO  acme-cache: heartbeat
2026-10-09 02:36:24 INFO  http: retry scheduled
2026-10-09 02:43:37 INFO  beta: parsed batch
2026-10-09 02:50:50 INFO  beta: parsed batch
2026-10-09 02:57:03 INFO  acme-cache: connection reused
2026-10-09 02:04:16 INFO  beta: connection reused
2026-10-09 02:11:29 INFO  beta: connection reused
2026-10-09 02:18:42 INFO  scheduler: cache hit
2026-10-09 02:25:55 INFO  http: cache hit
2026-10-09 02:32:08 INFO  scheduler: parsed batch
2026-10-09 02:39:21 INFO  scheduler: fetch ok
2026-10-09 02:46:34 INFO  http: retry scheduled
2026-10-09 02:53:47 INFO  acme-cache: fetch ok
2026-10-09 02:00:00 INFO  scheduler: fetch ok
2026-10-09 02:07:13 INFO  acme-cache: parsed batch
2026-10-09 02:14:26 INFO  beta: heartbeat
2026-10-09 02:21:39 INFO  scheduler: cache hit
2026-10-09 02:28:52 INFO  scheduler: retry scheduled
2026-10-09 02:35:05 INFO  beta: fetch ok
2026-10-09 02:42:18 INFO  http: fetch ok
2026-10-09 02:49:31 INFO  beta: connection reused
2026-10-09 02:56:44 INFO  http: cache hit
2026-10-09 02:03:57 INFO  acme-cache: retry scheduled
2026-10-09 02:10:10 INFO  http: connection reused
2026-10-09 02:17:23 INFO  http: cache hit
2026-10-09 02:24:36 INFO  beta: connection reused
2026-10-09 02:31:49 INFO  acme-cache: retry scheduled
2026-10-09 02:38:02 INFO  scheduler: parsed batch
2026-10-09 02:45:15 INFO  scheduler: fetch ok
2026-10-09 02:52:28 INFO  beta: fetch ok
2026-10-09 02:59:41 INFO  scheduler: connection reused
2026-10-09 02:06:54 INFO  scheduler: parsed batch
2026-10-09 02:13:07 INFO  acme-cache: connection reused
2026-10-09 02:20:20 INFO  beta: parsed batch
2026-10-09 02:27:33 INFO  acme-cache: parsed batch
2026-10-09 02:34:46 INFO  acme-cache: fetch ok
2026-10-09 02:41:59 INFO  acme-cache: fetch ok
2026-10-09 02:48:12 INFO  acme-cache: cache hit
2026-10-09 02:55:25 INFO  scheduler: fetch ok
2026-10-09 02:02:38 INFO  beta: connection reused
2026-10-09 02:09:51 INFO  beta: connection reused
2026-10-09 02:16:04 INFO  acme-cache: cache hit
2026-10-09 02:23:17 INFO  acme-cache: fetch ok
2026-10-09 02:30:30 INFO  scheduler: parsed batch
2026-10-09 02:37:43 INFO  http: fetch ok
2026-10-09 02:44:56 INFO  acme-cache: parsed batch
2026-10-09 02:51:09 INFO  acme-cache: fetch ok
2026-10-09 02:58:22 INFO  acme-cache: fetch ok
2026-10-09 02:05:35 INFO  beta: connection reused
2026-10-09 02:12:48 INFO  acme-cache: connection reused
2026-10-09 02:19:01 INFO  beta: retry scheduled
2026-10-09 02:26:14 INFO  acme-cache: parsed batch
2026-10-09 02:33:27 INFO  http: cache hit
2026-10-09 03:40:40 INFO  beta: cache hit
2026-10-09 03:47:53 INFO  scheduler: fetch ok
2026-10-09 03:54:06 INFO  scheduler: heartbeat
2026-10-09 03:01:19 INFO  http: retry scheduled
2026-10-09 03:08:32 INFO  beta: fetch ok
2026-10-09 03:15:45 INFO  scheduler: parsed batch
2026-10-09 03:22:58 INFO  http: retry scheduled
2026-10-09 03:29:11 INFO  acme-cache: parsed batch
2026-10-09 03:36:24 INFO  beta: heartbeat
2026-10-09 03:43:37 INFO  beta: retry scheduled
2026-10-09 03:50:50 INFO  scheduler: parsed batch
2026-10-09 03:57:03 INFO  acme-cache: cache hit
2026-10-09 03:04:16 INFO  acme-cache: cache hit
2026-10-09 03:11:29 INFO  acme-cache: parsed batch
2026-10-09 03:18:42 INFO  beta: cache hit
2026-10-09 03:25:55 INFO  scheduler: heartbeat
2026-10-09 03:32:08 INFO  scheduler: fetch ok
2026-10-09 03:39:21 INFO  beta: connection reused
2026-10-09 03:46:34 INFO  beta: fetch ok
2026-10-09 03:53:47 INFO  beta: heartbeat
2026-10-09 03:00:00 INFO  scheduler: heartbeat
2026-10-09 03:07:13 INFO  beta: parsed batch
2026-10-09 03:14:26 INFO  acme-cache: parsed batch
2026-10-09 03:21:39 INFO  scheduler: retry scheduled
2026-10-09 03:28:52 INFO  http: retry scheduled
2026-10-09 03:35:05 INFO  beta: fetch ok
2026-10-09 03:42:18 INFO  beta: cache hit
2026-10-09 03:49:31 INFO  http: fetch ok
2026-10-09 03:56:44 INFO  acme-cache: retry scheduled
2026-10-09 03:03:57 INFO  acme-cache: cache hit
2026-10-09 03:10:10 INFO  http: retry scheduled
2026-10-09 03:17:23 INFO  beta: connection reused
2026-10-09 03:24:36 INFO  scheduler: parsed batch
2026-10-09 03:31:49 INFO  scheduler: connection reused
2026-10-09 03:38:02 INFO  http: retry scheduled
2026-10-09 03:45:15 INFO  scheduler: cache hit
2026-10-09 03:52:28 INFO  acme-cache: fetch ok
2026-10-09 03:59:41 INFO  scheduler: cache hit
2026-10-09 03:06:54 INFO  http: cache hit
2026-10-09 03:13:07 INFO  beta: connection reused
2026-10-09 03:20:20 INFO  http: heartbeat
2026-10-09 03:27:33 INFO  beta: fetch ok
2026-10-09 03:34:46 INFO  acme-cache: retry scheduled
2026-10-09 03:41:59 INFO  scheduler: parsed batch
2026-10-09 03:48:12 INFO  scheduler: parsed batch
2026-10-09 03:55:25 INFO  acme-cache: fetch ok
2026-10-09 03:02:38 INFO  beta: fetch ok
2026-10-09 03:09:51 INFO  scheduler: connection reused
2026-10-09 03:16:04 INFO  scheduler: heartbeat
2026-10-09 03:23:17 INFO  scheduler: fetch ok
2026-10-09 03:30:30 INFO  beta: parsed batch
2026-10-09 03:37:43 INFO  http: parsed batch
2026-10-09 03:44:56 INFO  scheduler: retry scheduled
2026-10-09 03:51:09 INFO  beta: retry scheduled
2026-10-09 03:58:22 INFO  beta: retry scheduled
2026-10-09 03:05:35 INFO  http: connection reused
2026-10-09 03:12:48 INFO  beta: connection reused
2026-10-09 03:19:01 INFO  scheduler: fetch ok
2026-10-09 03:26:14 INFO  http: fetch ok
2026-10-09 03:33:27 INFO  beta: retry scheduled
2026-10-09 03:40:40 INFO  beta: heartbeat
2026-10-09 03:47:53 INFO  beta: connection reused
2026-10-09 03:54:06 INFO  acme-cache: retry scheduled
2026-10-09 03:01:19 INFO  acme-cache: heartbeat
2026-10-09 03:08:32 INFO  scheduler: connection reused
2026-10-09 03:15:45 INFO  beta: fetch ok
2026-10-09 03:22:58 INFO  beta: cache hit
2026-10-09 03:29:11 INFO  http: heartbeat
2026-10-09 03:36:24 INFO  beta: parsed batch
2026-10-09 03:43:37 INFO  acme-cache: retry scheduled
2026-10-09 03:50:50 INFO  http: fetch ok
2026-10-09 03:57:03 INFO  beta: heartbeat
2026-10-09 03:04:16 INFO  acme-cache: parsed batch
2026-10-09 03:11:29 INFO  acme-cache: cache hit
2026-10-09 03:18:42 INFO  beta: parsed batch
2026-10-09 03:25:55 INFO  http: retry scheduled
2026-10-09 03:32:08 INFO  http: retry scheduled
2026-10-09 03:39:21 INFO  beta: parsed batch
2026-10-09 03:46:34 INFO  acme-cache: fetch ok
2026-10-09 03:53:47 INFO  beta: retry scheduled
2026-10-09 03:00:00 INFO  scheduler: connection reused
2026-10-09 03:07:13 INFO  scheduler: fetch ok
2026-10-09 03:14:26 INFO  acme-cache: retry scheduled
2026-10-09 03:21:39 INFO  scheduler: cache hit
2026-10-09 03:28:52 INFO  beta: parsed batch
2026-10-09 03:35:05 INFO  beta: connection reused
2026-10-09 03:42:18 INFO  acme-cache: connection reused
2026-10-09 03:49:31 INFO  scheduler: cache hit
2026-10-09 03:56:44 INFO  scheduler: retry scheduled
2026-10-09 03:03:57 INFO  beta: cache hit
2026-10-09 03:10:10 INFO  http: fetch ok
2026-10-09 03:17:23 INFO  beta: parsed batch
2026-10-09 03:24:36 INFO  beta: cache hit
2026-10-09 03:31:49 INFO  beta: retry scheduled
2026-10-09 03:38:02 INFO  scheduler: retry scheduled
2026-10-09 03:45:15 INFO  acme-cache: cache hit
2026-10-09 03:52:28 INFO  beta: heartbeat
2026-10-09 03:59:41 INFO  scheduler: heartbeat
2026-10-09 03:06:54 INFO  beta: retry scheduled
2026-10-09 03:13:07 INFO  scheduler: parsed batch
2026-10-09 03:20:20 INFO  beta: heartbeat
2026-10-09 03:27:33 INFO  beta: parsed batch
2026-10-09 03:34:46 INFO  beta: retry scheduled
2026-10-09 03:41:59 INFO  beta: heartbeat
2026-10-09 03:48:12 INFO  beta: parsed batch
2026-10-09 03:55:25 INFO  beta: connection reused
2026-10-09 03:02:38 INFO  beta: retry scheduled
2026-10-09 03:09:51 INFO  scheduler: parsed batch
2026-10-09 03:16:04 INFO  acme-cache: connection reused
2026-10-09 03:23:17 INFO  beta: fetch ok
2026-10-09 03:30:30 INFO  beta: cache hit
2026-10-09 03:37:43 INFO  beta: retry scheduled
2026-10-09 03:44:56 INFO  http: connection reused
2026-10-09 03:51:09 INFO  scheduler: fetch ok
2026-10-09 03:58:22 INFO  acme-cache: connection reused
2026-10-09 03:05:35 INFO  scheduler: cache hit
2026-10-09 03:12:48 INFO  acme-cache: parsed batch
2026-10-09 03:19:01 INFO  beta: fetch ok
2026-10-09 03:26:14 INFO  beta: fetch ok
2026-10-09 03:33:27 INFO  acme-cache: fetch ok
2026-10-09 03:40:40 INFO  acme-cache: parsed batch
2026-10-09 03:47:53 INFO  beta: heartbeat
2026-10-09 03:54:06 INFO  beta: parsed batch
2026-10-09 03:01:19 INFO  acme-cache: cache hit
2026-10-09 03:08:32 INFO  scheduler: fetch ok
2026-10-09 03:15:45 INFO  beta: connection reused
2026-10-09 03:22:58 INFO  scheduler: retry scheduled
2026-10-09 03:29:11 INFO  acme-cache: heartbeat
2026-10-09 03:36:24 INFO  scheduler: retry scheduled
2026-10-09 03:43:37 INFO  acme-cache: cache hit
2026-10-09 03:50:50 INFO  scheduler: fetch ok
2026-10-09 03:57:03 INFO  scheduler: retry scheduled
2026-10-09 03:04:16 INFO  scheduler: fetch ok
2026-10-09 03:11:29 INFO  scheduler: fetch ok
2026-10-09 03:18:42 INFO  scheduler: fetch ok
2026-10-09 03:25:55 INFO  beta: cache hit
2026-10-09 03:32:08 INFO  beta: connection reused
2026-10-09 03:39:21 INFO  beta: heartbeat
2026-10-09 03:46:34 INFO  acme-cache: cache hit
2026-10-09 03:53:47 INFO  acme-cache: cache hit
2026-10-09 03:00:00 INFO  http: fetch ok
2026-10-09 03:07:13 INFO  acme-cache: connection reused
2026-10-09 03:14:26 INFO  acme-cache: cache hit
2026-10-09 03:21:39 INFO  acme-cache: fetch ok
2026-10-09 03:28:52 INFO  http: connection reused
2026-10-09 03:35:05 INFO  beta: fetch ok
2026-10-09 03:42:18 INFO  beta: fetch ok
2026-10-09 03:49:31 INFO  scheduler: connection reused
2026-10-09 03:56:44 INFO  scheduler: parsed batch
2026-10-09 03:03:57 INFO  acme-cache: parsed batch
2026-10-09 03:10:10 INFO  scheduler: retry scheduled
2026-10-09 03:17:23 INFO  scheduler: retry scheduled
2026-10-09 03:24:36 INFO  beta: connection reused
2026-10-09 03:31:49 INFO  acme-cache: connection reused
2026-10-09 03:38:02 INFO  beta: heartbeat
2026-10-09 03:45:15 INFO  beta: cache hit
2026-10-09 03:52:28 INFO  acme-cache: parsed batch
2026-10-09 03:59:41 INFO  acme-cache: heartbeat
2026-10-09 03:06:54 INFO  beta: heartbeat
2026-10-09 03:13:07 INFO  beta: parsed batch
2026-10-09 03:20:20 INFO  beta: retry scheduled
2026-10-09 03:27:33 INFO  scheduler: fetch ok
2026-10-09 03:34:46 INFO  beta: parsed batch
2026-10-09 03:41:59 INFO  http: heartbeat
2026-10-09 03:48:12 INFO  acme-cache: retry scheduled
2026-10-09 03:55:25 INFO  scheduler: fetch ok
2026-10-09 03:02:38 INFO  beta: cache hit
2026-10-09 03:09:51 INFO  http: fetch ok
2026-10-09 03:16:04 INFO  beta: fetch ok
2026-10-09 03:23:17 INFO  scheduler: parsed batch
2026-10-09 03:30:30 INFO  scheduler: retry scheduled
2026-10-09 03:37:43 INFO  beta: retry scheduled
2026-10-09 03:44:56 INFO  scheduler: parsed batch
2026-10-09 03:51:09 INFO  http: connection reused
2026-10-09 03:58:22 INFO  beta: connection reused
2026-10-09 03:05:35 INFO  http: connection reused
2026-10-09 03:12:48 INFO  beta: cache hit
2026-10-09 03:19:01 INFO  acme-cache: cache hit
2026-10-09 03:26:14 INFO  http: cache hit
2026-10-09 03:33:27 INFO  acme-cache: cache hit
2026-10-09 03:40:40 INFO  acme-cache: retry scheduled
2026-10-09 03:47:53 INFO  scheduler: retry scheduled
2026-10-09 03:54:06 INFO  beta: retry scheduled
2026-10-09 03:01:19 INFO  beta: retry scheduled
2026-10-09 03:08:32 INFO  acme-cache: heartbeat
2026-10-09 03:15:45 INFO  beta: cache hit
2026-10-09 03:22:58 INFO  beta: parsed batch
2026-10-09 03:29:11 INFO  acme-cache: retry scheduled
2026-10-09 03:36:24 INFO  http: heartbeat
2026-10-09 03:43:37 INFO  beta: connection reused
2026-10-09 03:50:50 INFO  beta: connection reused
2026-10-09 03:57:03 INFO  scheduler: fetch ok
2026-10-09 03:04:16 INFO  beta: fetch ok
2026-10-09 03:11:29 INFO  scheduler: retry scheduled
2026-10-09 03:18:42 INFO  scheduler: cache hit
2026-10-09 03:25:55 INFO  beta: cache hit
2026-10-09 03:32:08 INFO  beta: fetch ok
2026-10-09 03:39:21 INFO  beta: retry scheduled
2026-10-09 03:46:34 INFO  http: heartbeat
2026-10-09 03:53:47 INFO  beta: fetch ok
2026-10-09 03:00:00 INFO  acme-cache: heartbeat
2026-10-09 03:07:13 INFO  beta: parsed batch
2026-10-09 03:14:26 INFO  http: cache hit
2026-10-09 03:21:39 INFO  beta: fetch ok
2026-10-09 03:28:52 INFO  http: connection reused
2026-10-09 03:35:05 INFO  http: cache hit
2026-10-09 03:42:18 INFO  beta: fetch ok
2026-10-09 03:49:31 INFO  acme-cache: cache hit
2026-10-09 03:56:44 INFO  beta: fetch ok
2026-10-09 03:03:57 INFO  beta: cache hit
2026-10-09 03:10:10 INFO  beta: heartbeat
2026-10-09 03:17:23 INFO  beta: fetch ok
2026-10-09 03:24:36 INFO  acme-cache: parsed batch
2026-10-09 03:31:49 INFO  acme-cache: retry scheduled
2026-10-09 03:38:02 INFO  http: cache hit
2026-10-09 03:45:15 INFO  beta: retry scheduled
2026-10-09 03:52:28 INFO  beta: parsed batch
2026-10-09 03:59:41 INFO  http: parsed batch
2026-10-09 03:06:54 INFO  beta: parsed batch
2026-10-09 03:13:07 INFO  beta: parsed batch
2026-10-09 03:20:20 INFO  http: retry scheduled
2026-10-09 03:27:33 INFO  http: fetch ok
2026-10-09 03:34:46 INFO  beta: parsed batch
2026-10-09 03:41:59 INFO  acme-cache: parsed batch
2026-10-09 03:48:12 INFO  acme-cache: connection reused
2026-10-09 03:55:25 INFO  acme-cache: parsed batch
2026-10-09 03:02:38 INFO  beta: cache hit
2026-10-09 03:09:51 INFO  http: cache hit
2026-10-09 03:16:04 INFO  scheduler: parsed batch
2026-10-09 03:23:17 INFO  beta: cache hit
2026-10-09 03:30:30 INFO  beta: parsed batch
2026-10-09 03:37:43 INFO  scheduler: retry scheduled
2026-10-09 03:44:56 INFO  beta: parsed batch
2026-10-09 03:51:09 INFO  beta: parsed batch
2026-10-09 03:58:22 INFO  beta: fetch ok
2026-10-09 03:05:35 INFO  scheduler: heartbeat
2026-10-09 03:12:48 INFO  acme-cache: parsed batch
2026-10-09 03:19:01 INFO  beta: retry scheduled
2026-10-09 03:26:14 INFO  beta: fetch ok
2026-10-09 03:33:27 INFO  http: retry scheduled
2026-10-09 03:40:40 INFO  scheduler: fetch ok
2026-10-09 03:47:53 INFO  http: heartbeat
2026-10-09 03:54:06 INFO  acme-cache: connection reused
2026-10-09 03:01:19 INFO  http: retry scheduled
2026-10-09 03:08:32 INFO  beta: cache hit
2026-10-09 03:15:45 INFO  acme-cache: retry scheduled
2026-10-09 03:22:58 INFO  http: retry scheduled
2026-10-09 03:29:11 INFO  beta: fetch ok
2026-10-09 03:36:24 INFO  scheduler: parsed batch
2026-10-09 03:43:37 INFO  beta: cache hit
2026-10-09 03:50:50 INFO  beta: fetch ok
2026-10-09 03:57:03 INFO  scheduler: cache hit
2026-10-09 03:04:16 INFO  beta: heartbeat
2026-10-09 03:11:29 INFO  scheduler: fetch ok
2026-10-09 03:18:42 INFO  http: connection reused
2026-10-09 03:25:55 INFO  beta: connection reused
2026-10-09 03:32:08 INFO  beta: heartbeat
2026-10-09 03:39:21 INFO  scheduler: heartbeat
2026-10-09 03:46:34 INFO  beta: parsed batch
2026-10-09 03:53:47 INFO  beta: heartbeat
2026-10-09 03:00:00 INFO  beta: fetch ok
2026-10-09 03:07:13 INFO  scheduler: heartbeat
2026-10-09 03:14:26 INFO  beta: parsed batch
2026-10-09 03:21:39 INFO  acme-cache: fetch ok
2026-10-09 03:28:52 INFO  beta: retry scheduled
2026-10-09 03:35:05 INFO  beta: fetch ok
2026-10-09 03:42:18 INFO  http: connection reused
2026-10-09 03:49:31 INFO  beta: connection reused
2026-10-09 03:56:44 INFO  acme-cache: fetch ok
2026-10-09 03:03:57 INFO  scheduler: heartbeat
2026-10-09 03:10:10 INFO  scheduler: heartbeat
2026-10-09 03:17:23 INFO  acme-cache: connection reused
2026-10-09 03:24:36 INFO  scheduler: cache hit
2026-10-09 03:31:49 INFO  http: retry scheduled
2026-10-09 03:38:02 INFO  scheduler: parsed batch
2026-10-09 03:45:15 INFO  acme-cache: parsed batch
2026-10-09 03:52:28 INFO  http: parsed batch
2026-10-09 03:59:41 INFO  beta: fetch ok
2026-10-09 03:06:54 INFO  beta: heartbeat
2026-10-09 03:13:07 INFO  scheduler: parsed batch
2026-10-09 03:20:20 INFO  beta: parsed batch
2026-10-09 03:27:33 INFO  http: parsed batch
2026-10-09 03:34:46 INFO  beta: parsed batch
2026-10-09 03:41:59 INFO  scheduler: fetch ok
2026-10-09 03:48:12 INFO  beta: retry scheduled
2026-10-09 03:55:25 INFO  acme-cache: parsed batch
2026-10-09 03:02:38 INFO  acme-cache: fetch ok
2026-10-09 03:09:51 INFO  scheduler: heartbeat
2026-10-09 03:16:04 INFO  http: connection reused
2026-10-09 03:23:17 INFO  beta: fetch ok
2026-10-09 03:30:30 INFO  beta: fetch ok
2026-10-09 03:37:43 INFO  acme-cache: connection reused
2026-10-09 03:44:56 INFO  http: fetch ok
2026-10-09 03:51:09 INFO  beta: heartbeat
2026-10-09 03:58:22 INFO  scheduler: connection reused
2026-10-09 03:05:35 INFO  beta: fetch ok
2026-10-09 03:12:48 INFO  beta: heartbeat
2026-10-09 03:19:01 INFO  beta: retry scheduled
2026-10-09 03:26:14 INFO  beta: parsed batch
2026-10-09 03:33:27 INFO  acme-cache: retry scheduled
2026-10-09 03:40:40 INFO  beta: fetch ok
2026-10-09 03:47:53 INFO  acme-cache: heartbeat
2026-10-09 03:54:06 INFO  acme-cache: retry scheduled
2026-10-09 03:01:19 INFO  acme-cache: heartbeat
2026-10-09 03:08:32 INFO  acme-cache: parsed batch
2026-10-09 03:15:45 INFO  beta: cache hit
2026-10-09 03:22:58 INFO  http: parsed batch
2026-10-09 03:29:11 INFO  beta: heartbeat
2026-10-09 03:36:24 INFO  acme-cache: heartbeat
2026-10-09 03:43:37 INFO  http: retry scheduled
2026-10-09 03:50:50 INFO  acme-cache: cache hit
2026-10-09 03:57:03 INFO  beta: retry scheduled
2026-10-09 03:04:16 INFO  beta: parsed batch
2026-10-09 03:11:29 INFO  beta: connection reused
2026-10-09 03:18:42 INFO  acme-cache: connection reused
2026-10-09 03:25:55 INFO  acme-cache: parsed batch
2026-10-09 03:32:08 INFO  beta: cache hit
2026-10-09 03:39:21 INFO  beta: heartbeat
2026-10-09 03:46:34 INFO  beta: connection reused
2026-10-09 03:53:47 INFO  acme-cache: parsed batch
2026-10-09 03:00:00 INFO  http: heartbeat
2026-10-09 03:07:13 INFO  http: connection reused
2026-10-09 03:14:26 INFO  beta: cache hit
2026-10-09 03:21:39 INFO  http: connection reused
2026-10-09 03:28:52 INFO  scheduler: connection reused
2026-10-09 03:35:05 INFO  acme-cache: cache hit
2026-10-09 03:42:18 INFO  scheduler: cache hit
2026-10-09 03:49:31 INFO  http: retry scheduled
2026-10-09 03:56:44 INFO  acme-cache: cache hit
2026-10-09 03:03:57 INFO  beta: parsed batch
2026-10-09 03:10:10 INFO  beta: retry scheduled
2026-10-09 03:17:23 INFO  http: connection reused
2026-10-09 03:24:36 INFO  beta: cache hit
2026-10-09 03:31:49 INFO  http: cache hit
2026-10-09 03:38:02 INFO  acme-cache: connection reused
2026-10-09 03:45:15 INFO  http: connection reused
2026-10-09 03:52:28 INFO  acme-cache: connection reused
2026-10-09 03:59:41 INFO  beta: connection reused
2026-10-09 03:06:54 INFO  beta: retry scheduled
2026-10-09 03:13:07 INFO  beta: cache hit
2026-10-09 03:20:20 INFO  http: connection reused
2026-10-09 03:27:33 INFO  scheduler: parsed batch
2026-10-09 03:34:46 INFO  http: cache hit
2026-10-09 03:41:59 INFO  beta: retry scheduled
2026-10-09 03:48:12 INFO  scheduler: retry scheduled
2026-10-09 03:55:25 INFO  http: connection reused
2026-10-09 03:02:38 INFO  beta: fetch ok
2026-10-09 03:09:51 INFO  beta: fetch ok
2026-10-09 03:16:04 INFO  http: cache hit
2026-10-09 03:23:17 INFO  acme-cache: fetch ok
2026-10-09 03:30:30 INFO  http: cache hit
2026-10-09 03:37:43 INFO  http: retry scheduled
2026-10-09 03:44:56 INFO  scheduler: heartbeat
2026-10-09 03:51:09 INFO  acme-cache: heartbeat
2026-10-09 03:58:22 INFO  beta: retry scheduled
2026-10-09 03:05:35 INFO  acme-cache: heartbeat
2026-10-09 03:12:48 INFO  scheduler: retry scheduled
2026-10-09 03:19:01 INFO  beta: fetch ok
2026-10-09 03:26:14 INFO  beta: connection reused
2026-10-09 03:33:27 INFO  beta: parsed batch
2026-10-09 03:40:40 INFO  beta: fetch ok
2026-10-09 03:47:53 INFO  beta: connection reused
2026-10-09 03:54:06 INFO  acme-cache: parsed batch
2026-10-09 03:01:19 INFO  acme-cache: fetch ok
2026-10-09 03:08:32 INFO  beta: connection reused
2026-10-09 03:15:45 INFO  http: cache hit
2026-10-09 03:22:58 INFO  http: connection reused
2026-10-09 03:29:11 INFO  http: parsed batch
2026-10-09 03:36:24 INFO  http: heartbeat
2026-10-09 03:43:37 INFO  scheduler: retry scheduled
2026-10-09 03:50:50 INFO  beta: fetch ok
2026-10-09 03:57:03 INFO  beta: fetch ok
2026-10-09 03:04:16 INFO  http: fetch ok
2026-10-09 03:11:29 INFO  scheduler: retry scheduled
2026-10-09 03:18:42 INFO  beta: retry scheduled
2026-10-09 03:25:55 INFO  beta: fetch ok
2026-10-09 03:32:08 INFO  beta: heartbeat
2026-10-09 03:39:21 INFO  http: connection reused
2026-10-09 03:46:34 INFO  beta: retry scheduled
2026-10-09 03:53:47 INFO  scheduler: retry scheduled
2026-10-09 03:00:00 INFO  http: heartbeat
2026-10-09 03:07:13 INFO  http: connection reused
2026-10-09 03:14:26 INFO  scheduler: heartbeat
2026-10-09 03:21:39 INFO  beta: heartbeat
2026-10-09 03:28:52 INFO  acme-cache: fetch ok
2026-10-09 03:35:05 INFO  acme-cache: connection reused
2026-10-09 03:42:18 INFO  beta: connection reused
2026-10-09 03:49:31 INFO  scheduler: connection reused
2026-10-09 03:56:44 INFO  http: fetch ok
2026-10-09 03:03:57 INFO  scheduler: parsed batch
2026-10-09 03:10:10 INFO  scheduler: fetch ok
2026-10-09 03:17:23 INFO  scheduler: retry scheduled
2026-10-09 03:24:36 INFO  beta: fetch ok
2026-10-09 03:31:49 INFO  acme-cache: retry scheduled
2026-10-09 03:38:02 INFO  beta: fetch ok
2026-10-09 03:45:15 INFO  acme-cache: connection reused
2026-10-09 03:52:28 INFO  acme-cache: connection reused
2026-10-09 03:59:41 INFO  beta: cache hit
2026-10-09 03:06:54 INFO  http: connection reused
2026-10-09 03:13:07 INFO  scheduler: connection reused
2026-10-09 04:20:20 INFO  http: cache hit
2026-10-09 04:27:33 INFO  acme-cache: connection reused
2026-10-09 04:34:46 INFO  beta: fetch ok
2026-10-09 04:41:59 INFO  http: fetch ok
2026-10-09 04:48:12 INFO  beta: cache hit
2026-10-09 04:55:25 INFO  beta: connection reused
2026-10-09 04:02:38 INFO  beta: retry scheduled
2026-10-09 04:09:51 INFO  acme-cache: retry scheduled
2026-10-09 04:16:04 INFO  scheduler: cache hit
2026-10-09 04:23:17 INFO  http: retry scheduled
2026-10-09 04:30:30 INFO  scheduler: connection reused
2026-10-09 04:37:43 INFO  http: parsed batch
2026-10-09 04:44:56 INFO  scheduler: heartbeat
2026-10-09 04:51:09 INFO  beta: fetch ok
2026-10-09 04:58:22 INFO  scheduler: connection reused
2026-10-09 04:05:35 INFO  beta: heartbeat
2026-10-09 04:12:48 INFO  acme-cache: retry scheduled
2026-10-09 04:19:01 INFO  scheduler: heartbeat
2026-10-09 04:26:14 INFO  http: fetch ok
2026-10-09 04:33:27 INFO  http: retry scheduled
2026-10-09 04:40:40 INFO  beta: fetch ok
2026-10-09 04:47:53 INFO  beta: fetch ok
2026-10-09 04:54:06 INFO  beta: heartbeat
2026-10-09 04:01:19 INFO  beta: cache hit
2026-10-09 04:08:32 INFO  beta: connection reused
2026-10-09 04:15:45 INFO  beta: fetch ok
2026-10-09 04:22:58 INFO  beta: retry scheduled
2026-10-09 04:29:11 INFO  beta: connection reused
2026-10-09 04:36:24 INFO  beta: connection reused
2026-10-09 04:43:37 INFO  beta: fetch ok
2026-10-09 04:50:50 INFO  http: cache hit
2026-10-09 04:57:03 INFO  beta: heartbeat
2026-10-09 04:04:16 INFO  beta: connection reused
2026-10-09 04:11:29 INFO  scheduler: fetch ok
2026-10-09 04:18:42 INFO  beta: retry scheduled
2026-10-09 04:25:55 INFO  beta: fetch ok
2026-10-09 04:32:08 INFO  beta: fetch ok
2026-10-09 04:39:21 INFO  beta: connection reused
2026-10-09 04:46:34 INFO  acme-cache: parsed batch
2026-10-09 04:53:47 INFO  beta: retry scheduled
2026-10-09 04:00:00 INFO  beta: connection reused
2026-10-09 04:07:13 INFO  beta: cache hit
2026-10-09 04:14:26 INFO  acme-cache: cache hit
2026-10-09 04:21:39 INFO  scheduler: cache hit
2026-10-09 04:28:52 INFO  beta: cache hit
2026-10-09 04:35:05 INFO  acme-cache: cache hit
2026-10-09 04:42:18 INFO  beta: connection reused
2026-10-09 04:49:31 INFO  acme-cache: cache hit
2026-10-09 04:56:44 INFO  http: heartbeat
2026-10-09 04:03:57 INFO  scheduler: cache hit
2026-10-09 04:10:10 INFO  http: connection reused
2026-10-09 04:17:23 INFO  beta: parsed batch
2026-10-09 04:24:36 INFO  beta: parsed batch
2026-10-09 04:31:49 INFO  http: fetch ok
2026-10-09 04:38:02 INFO  acme-cache: parsed batch
2026-10-09 04:45:15 INFO  beta: heartbeat
2026-10-09 04:52:28 INFO  http: retry scheduled
2026-10-09 04:59:41 INFO  beta: heartbeat
2026-10-09 04:06:54 INFO  acme-cache: retry scheduled
2026-10-09 04:13:07 INFO  scheduler: fetch ok
2026-10-09 04:20:20 INFO  http: retry scheduled
2026-10-09 04:27:33 INFO  acme-cache: fetch ok
2026-10-09 04:34:46 INFO  beta: cache hit
2026-10-09 04:41:59 INFO  scheduler: fetch ok
2026-10-09 04:48:12 INFO  scheduler: connection reused
2026-10-09 04:55:25 INFO  beta: parsed batch
2026-10-09 04:02:38 INFO  http: cache hit
2026-10-09 04:09:51 INFO  http: cache hit
2026-10-09 04:16:04 INFO  http: retry scheduled
2026-10-09 04:23:17 INFO  acme-cache: retry scheduled
2026-10-09 04:30:30 INFO  beta: parsed batch
2026-10-09 04:37:43 INFO  beta: fetch ok
2026-10-09 04:44:56 INFO  beta: parsed batch
2026-10-09 04:51:09 INFO  http: fetch ok
2026-10-09 04:58:22 INFO  acme-cache: cache hit
2026-10-09 04:05:35 INFO  beta: parsed batch
2026-10-09 04:12:48 INFO  scheduler: connection reused
2026-10-09 04:19:01 INFO  beta: parsed batch
2026-10-09 04:26:14 INFO  beta: cache hit
2026-10-09 04:33:27 INFO  beta: cache hit
2026-10-09 04:40:40 INFO  acme-cache: parsed batch
2026-10-09 04:47:53 INFO  http: heartbeat
2026-10-09 04:54:06 INFO  beta: parsed batch
2026-10-09 04:01:19 INFO  beta: parsed batch
2026-10-09 04:08:32 INFO  beta: heartbeat
2026-10-09 04:15:45 INFO  http: connection reused
2026-10-09 04:22:58 INFO  http: connection reused
2026-10-09 04:29:11 INFO  beta: cache hit
2026-10-09 04:36:24 INFO  http: cache hit
2026-10-09 04:43:37 INFO  http: retry scheduled
2026-10-09 04:50:50 INFO  scheduler: connection reused
2026-10-09 04:57:03 INFO  http: connection reused
2026-10-09 04:04:16 INFO  acme-cache: retry scheduled
2026-10-09 04:11:29 INFO  scheduler: parsed batch
2026-10-09 04:18:42 INFO  acme-cache: heartbeat
2026-10-09 04:25:55 INFO  beta: retry scheduled
2026-10-09 04:32:08 INFO  acme-cache: parsed batch
2026-10-09 04:39:21 INFO  beta: heartbeat
2026-10-09 04:46:34 INFO  beta: cache hit
2026-10-09 04:53:47 INFO  acme-cache: connection reused
2026-10-09 04:00:00 INFO  http: retry scheduled
2026-10-09 04:07:13 INFO  beta: retry scheduled
2026-10-09 04:14:26 INFO  acme-cache: heartbeat
2026-10-09 04:21:39 INFO  http: cache hit
2026-10-09 04:28:52 INFO  beta: retry scheduled
2026-10-09 04:35:05 INFO  acme-cache: retry scheduled
2026-10-09 04:42:18 INFO  acme-cache: connection reused
2026-10-09 04:49:31 INFO  beta: retry scheduled
2026-10-09 04:56:44 INFO  beta: retry scheduled
2026-10-09 04:03:57 INFO  scheduler: retry scheduled
2026-10-09 04:10:10 INFO  beta: cache hit
2026-10-09 04:17:23 INFO  acme-cache: parsed batch
2026-10-09 04:24:36 INFO  acme-cache: retry scheduled
2026-10-09 04:31:49 INFO  beta: connection reused
2026-10-09 04:38:02 INFO  beta: cache hit
2026-10-09 04:45:15 INFO  beta: parsed batch
2026-10-09 04:52:28 INFO  scheduler: fetch ok
2026-10-09 04:59:41 INFO  beta: parsed batch
2026-10-09 04:06:54 INFO  scheduler: connection reused
2026-10-09 04:13:07 INFO  beta: heartbeat
2026-10-09 04:20:20 INFO  acme-cache: parsed batch
2026-10-09 04:27:33 INFO  beta: retry scheduled
2026-10-09 04:34:46 INFO  acme-cache: heartbeat
2026-10-09 04:41:59 INFO  scheduler: fetch ok
2026-10-09 04:48:12 INFO  beta: parsed batch
2026-10-09 04:55:25 INFO  http: heartbeat
2026-10-09 04:02:38 INFO  scheduler: retry scheduled
2026-10-09 04:09:51 INFO  http: retry scheduled
2026-10-09 04:16:04 INFO  beta: connection reused
2026-10-09 04:23:17 INFO  beta: parsed batch
2026-10-09 04:30:30 INFO  scheduler: cache hit
2026-10-09 04:37:43 INFO  acme-cache: connection reused
2026-10-09 04:44:56 INFO  beta: parsed batch
2026-10-09 04:51:09 INFO  beta: parsed batch
2026-10-09 04:58:22 INFO  beta: cache hit
2026-10-09 04:05:35 INFO  scheduler: parsed batch
2026-10-09 04:12:48 INFO  scheduler: fetch ok
2026-10-09 04:19:01 INFO  http: parsed batch
2026-10-09 04:26:14 INFO  http: connection reused
2026-10-09 04:33:27 INFO  beta: connection reused
2026-10-09 04:40:40 INFO  acme-cache: fetch ok
2026-10-09 04:47:53 INFO  scheduler: parsed batch
2026-10-09 04:54:06 INFO  beta: fetch ok
2026-10-09 04:01:19 INFO  acme-cache: heartbeat
2026-10-09 04:08:32 INFO  beta: retry scheduled
2026-10-09 04:15:45 INFO  beta: heartbeat
2026-10-09 04:22:58 INFO  acme-cache: fetch ok
2026-10-09 04:29:11 INFO  http: parsed batch
2026-10-09 04:36:24 INFO  http: retry scheduled
2026-10-09 04:43:37 INFO  scheduler: heartbeat
2026-10-09 04:50:50 INFO  beta: connection reused
2026-10-09 04:57:03 INFO  acme-cache: heartbeat
2026-10-09 04:04:16 INFO  acme-cache: parsed batch
2026-10-09 04:11:29 INFO  scheduler: retry scheduled
2026-10-09 04:18:42 INFO  beta: parsed batch
2026-10-09 04:25:55 INFO  http: fetch ok
2026-10-09 04:32:08 INFO  http: cache hit
2026-10-09 04:39:21 INFO  beta: cache hit
2026-10-09 04:46:34 INFO  acme-cache: parsed batch
2026-10-09 04:53:47 INFO  scheduler: fetch ok
2026-10-09 04:00:00 INFO  beta: fetch ok
2026-10-09 04:07:13 INFO  scheduler: parsed batch
2026-10-09 04:14:26 INFO  acme-cache: heartbeat
2026-10-09 04:21:39 INFO  acme-cache: fetch ok
2026-10-09 04:28:52 INFO  beta: cache hit
2026-10-09 04:35:05 INFO  scheduler: heartbeat
2026-10-09 04:42:18 INFO  beta: parsed batch
2026-10-09 04:49:31 INFO  scheduler: retry scheduled
2026-10-09 04:56:44 INFO  beta: retry scheduled
2026-10-09 04:03:57 INFO  beta: connection reused
2026-10-09 04:10:10 INFO  beta: parsed batch
2026-10-09 04:17:23 INFO  http: connection reused
2026-10-09 04:24:36 INFO  beta: retry scheduled
2026-10-09 04:31:49 INFO  acme-cache: connection reused
2026-10-09 04:38:02 INFO  scheduler: parsed batch
2026-10-09 04:45:15 INFO  acme-cache: heartbeat
2026-10-09 04:52:28 INFO  beta: parsed batch
2026-10-09 04:59:41 INFO  acme-cache: retry scheduled
2026-10-09 04:06:54 INFO  acme-cache: connection reused
2026-10-09 04:13:07 INFO  scheduler: connection reused
2026-10-09 04:20:20 INFO  acme-cache: parsed batch
2026-10-09 04:27:33 INFO  beta: parsed batch
2026-10-09 04:34:46 INFO  beta: connection reused
2026-10-09 04:41:59 INFO  acme-cache: cache hit
2026-10-09 04:48:12 INFO  beta: connection reused
2026-10-09 04:55:25 INFO  acme-cache: cache hit
2026-10-09 04:02:38 INFO  scheduler: parsed batch
2026-10-09 04:09:51 INFO  scheduler: heartbeat
2026-10-09 04:16:04 INFO  beta: connection reused
2026-10-09 04:23:17 INFO  acme-cache: retry scheduled
2026-10-09 04:30:30 INFO  acme-cache: parsed batch
2026-10-09 04:37:43 INFO  beta: fetch ok
2026-10-09 04:44:56 INFO  http: cache hit
2026-10-09 04:51:09 INFO  beta: heartbeat
2026-10-09 04:58:22 INFO  acme-cache: connection reused
2026-10-09 04:05:35 INFO  http: fetch ok
2026-10-09 04:12:48 INFO  beta: retry scheduled
2026-10-09 04:19:01 INFO  beta: connection reused
2026-10-09 04:26:14 INFO  acme-cache: cache hit
2026-10-09 04:33:27 INFO  http: fetch ok
2026-10-09 04:40:40 INFO  http: retry scheduled
2026-10-09 04:47:53 INFO  beta: retry scheduled
2026-10-09 04:54:06 INFO  scheduler: cache hit
2026-10-09 04:01:19 INFO  beta: retry scheduled
2026-10-09 04:08:32 INFO  scheduler: heartbeat
2026-10-09 04:15:45 INFO  beta: heartbeat
2026-10-09 04:22:58 INFO  http: fetch ok
2026-10-09 04:29:11 INFO  http: connection reused
2026-10-09 04:36:24 INFO  acme-cache: retry scheduled
2026-10-09 04:43:37 INFO  scheduler: connection reused
2026-10-09 04:50:50 INFO  beta: heartbeat
2026-10-09 04:57:03 INFO  beta: connection reused
2026-10-09 04:04:16 INFO  scheduler: connection reused
2026-10-09 04:11:29 INFO  beta: heartbeat
2026-10-09 04:18:42 INFO  beta: cache hit
2026-10-09 04:25:55 INFO  scheduler: retry scheduled
2026-10-09 04:32:08 INFO  beta: parsed batch
2026-10-09 04:39:21 INFO  scheduler: heartbeat
2026-10-09 04:46:34 INFO  beta: parsed batch
2026-10-09 04:53:47 INFO  scheduler: retry scheduled
2026-10-09 04:00:00 INFO  scheduler: retry scheduled
2026-10-09 04:07:13 INFO  scheduler: retry scheduled
2026-10-09 04:14:26 INFO  http: heartbeat
2026-10-09 04:21:39 INFO  beta: retry scheduled
2026-10-09 04:28:52 INFO  acme-cache: parsed batch
2026-10-09 04:35:05 INFO  http: parsed batch
2026-10-09 04:42:18 INFO  acme-cache: parsed batch
2026-10-09 04:49:31 INFO  acme-cache: parsed batch
2026-10-09 04:56:44 INFO  scheduler: connection reused
2026-10-09 04:03:57 INFO  beta: retry scheduled
2026-10-09 04:10:10 INFO  acme-cache: connection reused
2026-10-09 04:17:23 INFO  beta: fetch ok
2026-10-09 04:24:36 INFO  http: fetch ok
2026-10-09 04:31:49 INFO  acme-cache: fetch ok
2026-10-09 04:38:02 INFO  http: parsed batch
2026-10-09 04:45:15 INFO  scheduler: retry scheduled
2026-10-09 04:52:28 INFO  beta: retry scheduled
2026-10-09 04:59:41 INFO  scheduler: connection reused
2026-10-09 04:06:54 INFO  beta: cache hit
2026-10-09 04:13:07 INFO  beta: connection reused
2026-10-09 04:20:20 INFO  acme-cache: cache hit
2026-10-09 04:27:33 INFO  scheduler: heartbeat
2026-10-09 04:34:46 INFO  http: retry scheduled
2026-10-09 04:41:59 INFO  acme-cache: parsed batch
2026-10-09 04:48:12 INFO  acme-cache: parsed batch
2026-10-09 04:55:25 INFO  acme-cache: heartbeat
2026-10-09 04:02:38 INFO  beta: cache hit
2026-10-09 04:09:51 INFO  acme-cache: cache hit
2026-10-09 04:16:04 INFO  scheduler: parsed batch
2026-10-09 04:23:17 INFO  acme-cache: heartbeat
2026-10-09 04:30:30 INFO  acme-cache: heartbeat
2026-10-09 04:37:43 INFO  acme-cache: retry scheduled
2026-10-09 04:44:56 INFO  scheduler: fetch ok
2026-10-09 04:51:09 INFO  acme-cache: retry scheduled
2026-10-09 04:58:22 INFO  acme-cache: connection reused
2026-10-09 04:05:35 INFO  acme-cache: retry scheduled
2026-10-09 04:12:48 INFO  http: connection reused
2026-10-09 04:19:01 INFO  beta: fetch ok
2026-10-09 04:26:14 INFO  scheduler: connection reused
2026-10-09 04:33:27 INFO  http: parsed batch
2026-10-09 04:40:40 INFO  http: heartbeat
2026-10-09 04:47:53 INFO  beta: parsed batch
2026-10-09 04:54:06 INFO  acme-cache: fetch ok
2026-10-09 04:01:19 INFO  beta: fetch ok
2026-10-09 04:08:32 INFO  beta: parsed batch
2026-10-09 04:15:45 INFO  http: connection reused
2026-10-09 04:22:58 INFO  beta: heartbeat
2026-10-09 04:29:11 INFO  http: heartbeat
2026-10-09 04:36:24 INFO  scheduler: heartbeat
2026-10-09 04:43:37 INFO  beta: connection reused
2026-10-09 04:50:50 INFO  http: connection reused
2026-10-09 04:57:03 INFO  beta: retry scheduled
2026-10-09 04:04:16 INFO  beta: connection reused
2026-10-09 04:11:29 INFO  scheduler: connection reused
2026-10-09 04:18:42 INFO  beta: fetch ok
2026-10-09 04:25:55 INFO  beta: fetch ok
2026-10-09 04:32:08 INFO  scheduler: fetch ok
2026-10-09 04:39:21 INFO  beta: cache hit
2026-10-09 04:46:34 INFO  beta: cache hit
2026-10-09 04:53:47 INFO  http: connection reused
2026-10-09 04:00:00 INFO  acme-cache: cache hit
2026-10-09 04:07:13 INFO  beta: parsed batch
2026-10-09 04:14:26 INFO  beta: cache hit
2026-10-09 04:21:39 INFO  beta: parsed batch
2026-10-09 04:28:52 INFO  http: connection reused
2026-10-09 04:35:05 INFO  http: fetch ok
2026-10-09 04:42:18 INFO  scheduler: heartbeat
2026-10-09 04:49:31 INFO  http: fetch ok
2026-10-09 04:56:44 INFO  beta: parsed batch
2026-10-09 04:03:57 INFO  http: connection reused
2026-10-09 04:10:10 INFO  scheduler: parsed batch
2026-10-09 04:17:23 INFO  beta: fetch ok
2026-10-09 04:24:36 INFO  scheduler: heartbeat
2026-10-09 04:31:49 INFO  http: connection reused
2026-10-09 04:38:02 INFO  beta: parsed batch
2026-10-09 04:45:15 INFO  scheduler: heartbeat
2026-10-09 04:52:28 INFO  beta: fetch ok
2026-10-09 04:59:41 INFO  scheduler: retry scheduled
2026-10-09 04:06:54 INFO  beta: connection reused
2026-10-09 04:13:07 INFO  beta: parsed batch
2026-10-09 04:20:20 INFO  beta: fetch ok
2026-10-09 04:27:33 INFO  beta: fetch ok
2026-10-09 04:34:46 INFO  beta: fetch ok
2026-10-09 04:41:59 INFO  beta: parsed batch
2026-10-09 04:48:12 INFO  beta: cache hit
2026-10-09 04:55:25 INFO  http: retry scheduled
2026-10-09 04:02:38 INFO  scheduler: connection reused
2026-10-09 04:09:51 INFO  beta: fetch ok
2026-10-09 04:16:04 INFO  acme-cache: connection reused
2026-10-09 04:23:17 INFO  beta: connection reused
2026-10-09 04:30:30 INFO  beta: cache hit
2026-10-09 04:37:43 INFO  http: connection reused
2026-10-09 04:44:56 INFO  scheduler: parsed batch
2026-10-09 04:51:09 INFO  acme-cache: fetch ok
2026-10-09 04:58:22 INFO  beta: fetch ok
2026-10-09 04:05:35 INFO  beta: fetch ok
2026-10-09 04:12:48 INFO  http: fetch ok
2026-10-09 04:19:01 INFO  scheduler: cache hit
2026-10-09 04:26:14 INFO  acme-cache: connection reused
2026-10-09 04:33:27 INFO  http: retry scheduled
2026-10-09 04:40:40 INFO  scheduler: heartbeat
2026-10-09 04:47:53 INFO  beta: cache hit
2026-10-09 04:54:06 INFO  acme-cache: heartbeat
2026-10-09 04:01:19 INFO  scheduler: parsed batch
2026-10-09 04:08:32 INFO  beta: retry scheduled
2026-10-09 04:15:45 INFO  beta: cache hit
2026-10-09 04:22:58 INFO  beta: connection reused
2026-10-09 04:29:11 INFO  scheduler: parsed batch
2026-10-09 04:36:24 INFO  scheduler: parsed batch
2026-10-09 04:43:37 INFO  acme-cache: heartbeat
2026-10-09 04:50:50 INFO  acme-cache: cache hit
2026-10-09 04:57:03 INFO  acme-cache: fetch ok
2026-10-09 04:04:16 INFO  http: connection reused
2026-10-09 04:11:29 INFO  http: cache hit
2026-10-09 04:18:42 INFO  http: connection reused
2026-10-09 04:25:55 INFO  beta: retry scheduled
2026-10-09 04:32:08 INFO  http: cache hit
2026-10-09 04:39:21 INFO  http: parsed batch
2026-10-09 04:46:34 INFO  beta: parsed batch
2026-10-09 04:53:47 INFO  scheduler: connection reused
2026-10-09 04:00:00 INFO  scheduler: heartbeat
2026-10-09 04:07:13 INFO  beta: parsed batch
2026-10-09 04:14:26 INFO  acme-cache: connection reused
2026-10-09 04:21:39 INFO  beta: cache hit
2026-10-09 04:28:52 INFO  acme-cache: cache hit
2026-10-09 04:35:05 INFO  scheduler: retry scheduled
2026-10-09 04:42:18 INFO  http: fetch ok
2026-10-09 04:49:31 INFO  acme-cache: retry scheduled
2026-10-09 04:56:44 INFO  http: retry scheduled
2026-10-09 04:03:57 INFO  acme-cache: heartbeat
2026-10-09 04:10:10 INFO  scheduler: cache hit
2026-10-09 04:17:23 INFO  http: fetch ok
2026-10-09 04:24:36 INFO  http: heartbeat
2026-10-09 04:31:49 INFO  scheduler: parsed batch
2026-10-09 04:38:02 INFO  beta: connection reused
2026-10-09 04:45:15 INFO  beta: cache hit
2026-10-09 04:52:28 INFO  http: fetch ok
2026-10-09 04:59:41 INFO  scheduler: parsed batch
2026-10-09 04:06:54 INFO  beta: cache hit
2026-10-09 04:13:07 INFO  http: fetch ok
2026-10-09 04:20:20 INFO  scheduler: parsed batch
2026-10-09 04:27:33 INFO  http: fetch ok
2026-10-09 04:34:46 INFO  http: cache hit
2026-10-09 04:41:59 INFO  beta: retry scheduled
2026-10-09 04:48:12 INFO  scheduler: heartbeat
2026-10-09 04:55:25 INFO  http: cache hit
2026-10-09 04:02:38 INFO  http: cache hit
2026-10-09 04:09:51 INFO  scheduler: heartbeat
2026-10-09 04:16:04 INFO  http: retry scheduled
2026-10-09 04:23:17 INFO  beta: retry scheduled
2026-10-09 04:30:30 INFO  beta: fetch ok
2026-10-09 04:37:43 INFO  beta: connection reused
2026-10-09 04:44:56 INFO  acme-cache: cache hit
2026-10-09 04:51:09 INFO  http: heartbeat
2026-10-09 04:58:22 INFO  acme-cache: parsed batch
2026-10-09 04:05:35 INFO  http: retry scheduled
2026-10-09 04:12:48 INFO  beta: fetch ok
2026-10-09 04:19:01 INFO  scheduler: cache hit
2026-10-09 04:26:14 INFO  beta: cache hit
2026-10-09 04:33:27 INFO  scheduler: fetch ok
2026-10-09 04:40:40 INFO  beta: cache hit
2026-10-09 04:47:53 INFO  http: fetch ok
2026-10-09 04:54:06 INFO  acme-cache: cache hit
2026-10-09 04:01:19 INFO  http: heartbeat
2026-10-09 04:08:32 INFO  beta: fetch ok
2026-10-09 04:15:45 INFO  beta: retry scheduled
2026-10-09 04:22:58 INFO  http: parsed batch
2026-10-09 04:29:11 INFO  http: heartbeat
2026-10-09 04:36:24 INFO  beta: cache hit
2026-10-09 04:43:37 INFO  acme-cache: parsed batch
2026-10-09 04:50:50 INFO  beta: parsed batch
2026-10-09 04:57:03 INFO  http: heartbeat
2026-10-09 04:04:16 INFO  beta: cache hit
2026-10-09 04:11:29 INFO  beta: cache hit
2026-10-09 04:18:42 INFO  beta: retry scheduled
2026-10-09 04:25:55 INFO  scheduler: fetch ok
2026-10-09 04:32:08 INFO  beta: fetch ok
2026-10-09 04:39:21 INFO  beta: heartbeat
2026-10-09 04:46:34 INFO  acme-cache: connection reused
2026-10-09 04:53:47 INFO  scheduler: parsed batch
2026-10-09 05:00:00 INFO  beta: heartbeat
2026-10-09 05:07:13 INFO  scheduler: fetch ok
2026-10-09 05:14:26 INFO  beta: cache hit
2026-10-09 05:21:39 INFO  acme-cache: heartbeat
2026-10-09 05:28:52 INFO  beta: connection reused
2026-10-09 05:35:05 INFO  beta: connection reused
2026-10-09 05:42:18 INFO  http: parsed batch
2026-10-09 05:49:31 INFO  beta: parsed batch
2026-10-09 05:56:44 INFO  beta: cache hit
2026-10-09 05:03:57 INFO  beta: connection reused
2026-10-09 05:10:10 INFO  beta: retry scheduled
2026-10-09 05:17:23 INFO  beta: cache hit
2026-10-09 05:24:36 INFO  acme-cache: fetch ok
2026-10-09 05:31:49 INFO  http: fetch ok
2026-10-09 05:38:02 INFO  beta: cache hit
2026-10-09 05:45:15 INFO  http: connection reused
2026-10-09 05:52:28 INFO  scheduler: fetch ok
2026-10-09 05:59:41 INFO  beta: retry scheduled
2026-10-09 05:06:54 INFO  acme-cache: fetch ok
2026-10-09 05:13:07 INFO  beta: connection reused
2026-10-09 05:20:20 INFO  acme-cache: heartbeat
2026-10-09 05:27:33 INFO  http: parsed batch
2026-10-09 05:34:46 INFO  beta: parsed batch
2026-10-09 05:41:59 INFO  acme-cache: cache hit
2026-10-09 05:48:12 INFO  acme-cache: parsed batch
2026-10-09 05:55:25 INFO  beta: cache hit
2026-10-09 05:02:38 INFO  scheduler: parsed batch
2026-10-09 05:09:51 INFO  beta: parsed batch
2026-10-09 05:16:04 INFO  beta: retry scheduled
2026-10-09 05:23:17 INFO  beta: parsed batch
2026-10-09 05:30:30 INFO  beta: fetch ok
2026-10-09 05:37:43 INFO  beta: retry scheduled
2026-10-09 05:44:56 INFO  beta: heartbeat
2026-10-09 05:51:09 INFO  acme-cache: connection reused
2026-10-09 05:58:22 INFO  beta: parsed batch
2026-10-09 05:05:35 INFO  beta: parsed batch
2026-10-09 05:12:48 INFO  beta: connection reused
2026-10-09 05:19:01 INFO  beta: parsed batch
2026-10-09 05:26:14 INFO  acme-cache: cache hit
2026-10-09 05:33:27 INFO  beta: parsed batch
2026-10-09 05:40:40 INFO  beta: connection reused
2026-10-09 05:47:53 INFO  acme-cache: retry scheduled
2026-10-09 05:54:06 INFO  acme-cache: retry scheduled
2026-10-09 05:01:19 INFO  beta: retry scheduled
2026-10-09 05:08:32 INFO  scheduler: heartbeat
2026-10-09 05:15:45 INFO  beta: parsed batch
2026-10-09 05:22:58 INFO  beta: cache hit
2026-10-09 05:29:11 INFO  scheduler: parsed batch
2026-10-09 05:36:24 INFO  beta: retry scheduled
2026-10-09 05:43:37 INFO  beta: cache hit
2026-10-09 05:50:50 INFO  http: cache hit
2026-10-09 05:57:03 INFO  acme-cache: retry scheduled
2026-10-09 05:04:16 INFO  acme-cache: parsed batch
2026-10-09 05:11:29 INFO  beta: cache hit
2026-10-09 05:18:42 INFO  scheduler: parsed batch
2026-10-09 05:25:55 INFO  beta: retry scheduled
2026-10-09 05:32:08 INFO  http: fetch ok
2026-10-09 05:39:21 INFO  beta: heartbeat
2026-10-09 05:46:34 INFO  scheduler: cache hit
2026-10-09 05:53:47 INFO  beta: cache hit
2026-10-09 05:00:00 INFO  beta: cache hit
2026-10-09 05:07:13 INFO  scheduler: cache hit
2026-10-09 05:14:26 INFO  beta: retry scheduled
2026-10-09 05:21:39 INFO  beta: parsed batch
2026-10-09 05:28:52 INFO  acme-cache: parsed batch
2026-10-09 05:35:05 INFO  beta: fetch ok
2026-10-09 05:42:18 INFO  acme-cache: retry scheduled
2026-10-09 05:49:31 INFO  beta: parsed batch
2026-10-09 05:56:44 INFO  http: cache hit
2026-10-09 05:03:57 INFO  http: retry scheduled
2026-10-09 05:10:10 INFO  scheduler: fetch ok
2026-10-09 05:17:23 INFO  http: cache hit
2026-10-09 05:24:36 INFO  beta: cache hit
2026-10-09 05:31:49 INFO  scheduler: fetch ok
2026-10-09 05:38:02 INFO  scheduler: retry scheduled
2026-10-09 05:45:15 INFO  acme-cache: heartbeat
2026-10-09 05:52:28 INFO  beta: retry scheduled
2026-10-09 05:59:41 INFO  beta: heartbeat
2026-10-09 05:06:54 INFO  beta: connection reused
2026-10-09 05:13:07 INFO  beta: retry scheduled
2026-10-09 05:20:20 INFO  http: fetch ok
2026-10-09 05:27:33 INFO  beta: heartbeat
2026-10-09 05:34:46 INFO  scheduler: cache hit
2026-10-09 05:41:59 INFO  beta: retry scheduled
2026-10-09 05:48:12 INFO  beta: heartbeat
2026-10-09 05:55:25 INFO  beta: heartbeat
2026-10-09 05:02:38 INFO  acme-cache: retry scheduled
2026-10-09 05:09:51 INFO  beta: fetch ok
2026-10-09 05:16:04 INFO  http: parsed batch
2026-10-09 05:23:17 INFO  beta: heartbeat
2026-10-09 05:30:30 INFO  acme-cache: cache hit
2026-10-09 05:37:43 INFO  acme-cache: connection reused
2026-10-09 05:44:56 INFO  scheduler: fetch ok
2026-10-09 05:51:09 INFO  beta: parsed batch
2026-10-09 05:58:22 INFO  scheduler: retry scheduled
2026-10-09 05:05:35 INFO  acme-cache: retry scheduled
2026-10-09 05:12:48 INFO  beta: heartbeat
2026-10-09 05:19:01 INFO  acme-cache: fetch ok
2026-10-09 05:26:14 INFO  beta: connection reused
2026-10-09 05:33:27 INFO  acme-cache: heartbeat
2026-10-09 05:40:40 INFO  http: fetch ok
2026-10-09 05:47:53 INFO  acme-cache: heartbeat
2026-10-09 05:54:06 INFO  scheduler: heartbeat
2026-10-09 05:01:19 INFO  beta: fetch ok
2026-10-09 05:08:32 INFO  acme-cache: connection reused
2026-10-09 05:15:45 INFO  beta: cache hit
2026-10-09 05:22:58 INFO  scheduler: heartbeat
2026-10-09 05:29:11 INFO  beta: cache hit
2026-10-09 05:36:24 INFO  beta: connection reused
2026-10-09 05:43:37 INFO  scheduler: parsed batch
2026-10-09 05:50:50 INFO  http: fetch ok
2026-10-09 05:57:03 INFO  http: heartbeat
2026-10-09 05:04:16 INFO  beta: fetch ok
2026-10-09 05:11:29 INFO  beta: fetch ok
2026-10-09 05:18:42 INFO  beta: heartbeat
2026-10-09 05:25:55 INFO  beta: retry scheduled
2026-10-09 05:32:08 INFO  beta: cache hit
2026-10-09 05:39:21 INFO  acme-cache: heartbeat
2026-10-09 05:46:34 INFO  beta: fetch ok
2026-10-09 05:53:47 INFO  beta: connection reused
2026-10-09 05:00:00 INFO  beta: cache hit
2026-10-09 05:07:13 INFO  beta: heartbeat
2026-10-09 05:14:26 INFO  http: parsed batch
2026-10-09 05:21:39 INFO  http: retry scheduled
2026-10-09 05:28:52 INFO  scheduler: fetch ok
2026-10-09 05:35:05 INFO  acme-cache: fetch ok
2026-10-09 05:42:18 INFO  beta: fetch ok
2026-10-09 05:49:31 INFO  acme-cache: fetch ok
2026-10-09 05:56:44 INFO  scheduler: parsed batch
2026-10-09 05:03:57 INFO  http: heartbeat
2026-10-09 05:10:10 INFO  acme-cache: fetch ok
2026-10-09 05:17:23 INFO  beta: fetch ok
2026-10-09 05:24:36 INFO  scheduler: retry scheduled
2026-10-09 05:31:49 INFO  http: heartbeat
2026-10-09 05:38:02 INFO  beta: retry scheduled
2026-10-09 05:45:15 INFO  beta: connection reused
2026-10-09 05:52:28 INFO  http: parsed batch
2026-10-09 05:59:41 INFO  scheduler: retry scheduled
2026-10-09 05:06:54 INFO  beta: connection reused
2026-10-09 05:13:07 INFO  scheduler: connection reused
2026-10-09 05:20:20 INFO  scheduler: heartbeat
2026-10-09 05:27:33 INFO  http: heartbeat
2026-10-09 05:34:46 INFO  beta: parsed batch
2026-10-09 05:41:59 INFO  beta: cache hit
2026-10-09 05:48:12 INFO  acme-cache: parsed batch
2026-10-09 05:55:25 INFO  beta: cache hit
2026-10-09 05:02:38 INFO  scheduler: heartbeat
2026-10-09 05:09:51 INFO  acme-cache: parsed batch
2026-10-09 05:16:04 INFO  http: fetch ok
2026-10-09 05:23:17 INFO  acme-cache: heartbeat
2026-10-09 05:30:30 INFO  beta: connection reused
2026-10-09 05:37:43 INFO  acme-cache: retry scheduled
2026-10-09 05:44:56 INFO  scheduler: connection reused
2026-10-09 05:51:09 INFO  beta: cache hit
2026-10-09 05:58:22 INFO  beta: heartbeat
2026-10-09 05:05:35 INFO  beta: fetch ok
2026-10-09 05:12:48 INFO  acme-cache: parsed batch
2026-10-09 05:19:01 INFO  beta: heartbeat
2026-10-09 05:26:14 INFO  beta: retry scheduled
2026-10-09 05:33:27 INFO  beta: parsed batch
2026-10-09 05:40:40 INFO  scheduler: parsed batch
2026-10-09 05:47:53 INFO  beta: fetch ok
2026-10-09 05:54:06 INFO  beta: connection reused
2026-10-09 05:01:19 INFO  http: cache hit
2026-10-09 05:08:32 INFO  http: cache hit
2026-10-09 05:15:45 INFO  http: fetch ok
2026-10-09 05:22:58 INFO  http: fetch ok
2026-10-09 05:29:11 INFO  acme-cache: fetch ok
2026-10-09 05:36:24 INFO  http: fetch ok
2026-10-09 05:43:37 INFO  scheduler: retry scheduled
2026-10-09 05:50:50 INFO  beta: cache hit
2026-10-09 05:57:03 INFO  beta: cache hit
2026-10-09 05:04:16 INFO  acme-cache: connection reused
2026-10-09 05:11:29 INFO  beta: fetch ok
2026-10-09 05:18:42 INFO  beta: heartbeat
2026-10-09 05:25:55 INFO  http: cache hit
2026-10-09 05:32:08 INFO  beta: parsed batch
2026-10-09 05:39:21 INFO  http: heartbeat
2026-10-09 05:46:34 INFO  beta: parsed batch
2026-10-09 05:53:47 INFO  beta: heartbeat
2026-10-09 05:00:00 INFO  beta: cache hit
2026-10-09 05:07:13 INFO  scheduler: heartbeat
2026-10-09 05:14:26 INFO  acme-cache: cache hit
2026-10-09 05:21:39 INFO  beta: connection reused
2026-10-09 05:28:52 INFO  beta: connection reused
2026-10-09 05:35:05 INFO  http: cache hit
2026-10-09 05:42:18 INFO  scheduler: heartbeat
2026-10-09 05:49:31 INFO  http: retry scheduled
2026-10-09 05:56:44 INFO  scheduler: retry scheduled
2026-10-09 05:03:57 INFO  http: connection reused
2026-10-09 05:10:10 INFO  acme-cache: parsed batch
2026-10-09 05:17:23 INFO  http: cache hit
2026-10-09 05:24:36 INFO  http: parsed batch
2026-10-09 05:31:49 INFO  scheduler: cache hit
2026-10-09 05:38:02 INFO  beta: retry scheduled
2026-10-09 05:45:15 INFO  acme-cache: retry scheduled
2026-10-09 05:52:28 INFO  beta: heartbeat
2026-10-09 05:59:41 INFO  http: parsed batch
2026-10-09 05:06:54 INFO  http: parsed batch
2026-10-09 05:13:07 INFO  beta: cache hit
2026-10-09 05:20:20 INFO  beta: retry scheduled
2026-10-09 05:27:33 INFO  acme-cache: heartbeat
2026-10-09 05:34:46 INFO  acme-cache: parsed batch
2026-10-09 05:41:59 INFO  acme-cache: cache hit
2026-10-09 05:48:12 INFO  beta: cache hit
2026-10-09 05:55:25 INFO  beta: fetch ok
2026-10-09 05:02:38 INFO  beta: heartbeat
2026-10-09 05:09:51 INFO  beta: heartbeat
2026-10-09 05:16:04 INFO  acme-cache: parsed batch
2026-10-09 05:23:17 INFO  beta: heartbeat
2026-10-09 05:30:30 INFO  scheduler: parsed batch
2026-10-09 05:37:43 INFO  acme-cache: connection reused
2026-10-09 05:44:56 INFO  beta: heartbeat
2026-10-09 05:51:09 INFO  beta: connection reused
2026-10-09 05:58:22 INFO  beta: parsed batch
2026-10-09 05:05:35 INFO  acme-cache: connection reused
2026-10-09 05:12:48 INFO  acme-cache: retry scheduled
2026-10-09 05:19:01 INFO  beta: heartbeat
2026-10-09 05:26:14 INFO  http: cache hit
2026-10-09 05:33:27 INFO  http: fetch ok
2026-10-09 05:40:40 INFO  scheduler: cache hit
2026-10-09 05:47:53 INFO  beta: parsed batch
2026-10-09 05:54:06 INFO  beta: fetch ok
2026-10-09 05:01:19 INFO  scheduler: heartbeat
2026-10-09 05:08:32 INFO  http: fetch ok
2026-10-09 05:15:45 INFO  scheduler: parsed batch
2026-10-09 05:22:58 INFO  http: retry scheduled
2026-10-09 05:29:11 INFO  scheduler: cache hit
2026-10-09 05:36:24 INFO  http: heartbeat
2026-10-09 05:43:37 INFO  beta: parsed batch
2026-10-09 05:50:50 INFO  scheduler: connection reused
2026-10-09 05:57:03 INFO  scheduler: cache hit
2026-10-09 05:04:16 INFO  acme-cache: cache hit
2026-10-09 05:11:29 INFO  acme-cache: parsed batch
2026-10-09 05:18:42 INFO  http: heartbeat
2026-10-09 05:25:55 INFO  http: parsed batch
2026-10-09 05:32:08 INFO  acme-cache: fetch ok
2026-10-09 05:39:21 INFO  scheduler: parsed batch
2026-10-09 05:46:34 INFO  scheduler: cache hit
2026-10-09 05:53:47 INFO  beta: heartbeat
2026-10-09 05:00:00 INFO  acme-cache: retry scheduled
2026-10-09 05:07:13 INFO  scheduler: heartbeat
2026-10-09 05:14:26 INFO  scheduler: heartbeat
2026-10-09 05:21:39 INFO  beta: fetch ok
2026-10-09 05:28:52 INFO  acme-cache: cache hit
2026-10-09 05:35:05 INFO  http: retry scheduled
2026-10-09 05:42:18 INFO  acme-cache: retry scheduled
2026-10-09 05:49:31 INFO  scheduler: fetch ok
2026-10-09 05:56:44 INFO  beta: fetch ok
2026-10-09 05:03:57 INFO  acme-cache: heartbeat
2026-10-09 05:10:10 INFO  scheduler: cache hit
2026-10-09 05:17:23 INFO  http: cache hit
2026-10-09 05:24:36 INFO  http: heartbeat
2026-10-09 05:31:49 INFO  scheduler: heartbeat
2026-10-09 05:38:02 INFO  http: connection reused
2026-10-09 05:45:15 INFO  scheduler: parsed batch
2026-10-09 05:52:28 INFO  scheduler: cache hit
2026-10-09 05:59:41 INFO  beta: heartbeat
2026-10-09 05:06:54 INFO  acme-cache: parsed batch
2026-10-09 05:13:07 INFO  beta: connection reused
2026-10-09 05:20:20 INFO  beta: heartbeat
2026-10-09 05:27:33 INFO  beta: fetch ok
2026-10-09 05:34:46 INFO  scheduler: cache hit
2026-10-09 05:41:59 INFO  http: parsed batch
2026-10-09 05:48:12 INFO  http: heartbeat
2026-10-09 05:55:25 INFO  beta: retry scheduled
2026-10-09 05:02:38 INFO  scheduler: parsed batch
2026-10-09 05:09:51 INFO  scheduler: parsed batch
2026-10-09 05:16:04 INFO  http: heartbeat
2026-10-09 05:23:17 INFO  acme-cache: connection reused
2026-10-09 05:30:30 INFO  http: connection reused
2026-10-09 05:37:43 INFO  beta: retry scheduled
2026-10-09 05:44:56 INFO  acme-cache: cache hit
2026-10-09 05:51:09 INFO  acme-cache: fetch ok
2026-10-09 05:58:22 INFO  acme-cache: heartbeat
2026-10-09 05:05:35 INFO  beta: fetch ok
2026-10-09 05:12:48 INFO  acme-cache: connection reused
2026-10-09 05:19:01 INFO  acme-cache: heartbeat
2026-10-09 05:26:14 INFO  scheduler: connection reused
2026-10-09 05:33:27 INFO  beta: heartbeat
2026-10-09 05:40:40 INFO  acme-cache: heartbeat
2026-10-09 05:47:53 INFO  beta: heartbeat
2026-10-09 05:54:06 INFO  beta: parsed batch
2026-10-09 05:01:19 INFO  beta: fetch ok
2026-10-09 05:08:32 INFO  http: heartbeat
2026-10-09 05:15:45 INFO  beta: cache hit
2026-10-09 05:22:58 INFO  http: connection reused
2026-10-09 05:29:11 INFO  beta: connection reused
2026-10-09 05:36:24 INFO  scheduler: fetch ok
2026-10-09 05:43:37 INFO  beta: cache hit
2026-10-09 05:50:50 INFO  http: fetch ok
2026-10-09 05:57:03 INFO  acme-cache: parsed batch
2026-10-09 05:04:16 INFO  beta: heartbeat
2026-10-09 05:11:29 INFO  beta: connection reused
2026-10-09 05:18:42 INFO  beta: retry scheduled
2026-10-09 05:25:55 INFO  beta: parsed batch
2026-10-09 05:32:08 INFO  http: heartbeat
2026-10-09 05:39:21 INFO  acme-cache: connection reused
2026-10-09 05:46:34 INFO  http: heartbeat
2026-10-09 05:53:47 INFO  beta: heartbeat
2026-10-09 05:00:00 INFO  beta: parsed batch
2026-10-09 05:07:13 INFO  http: fetch ok
2026-10-09 05:14:26 INFO  beta: retry scheduled
2026-10-09 05:21:39 INFO  http: heartbeat
2026-10-09 05:28:52 INFO  beta: fetch ok
2026-10-09 05:35:05 INFO  beta: fetch ok
2026-10-09 05:42:18 INFO  beta: heartbeat
2026-10-09 05:49:31 INFO  scheduler: parsed batch
2026-10-09 05:56:44 INFO  http: parsed batch
2026-10-09 05:03:57 INFO  beta: connection reused
2026-10-09 05:10:10 INFO  beta: connection reused
2026-10-09 05:17:23 INFO  http: cache hit
2026-10-09 05:24:36 INFO  beta: connection reused
2026-10-09 05:31:49 INFO  beta: cache hit
2026-10-09 05:38:02 INFO  acme-cache: retry scheduled
2026-10-09 05:45:15 INFO  beta: cache hit
2026-10-09 05:52:28 INFO  beta: heartbeat
2026-10-09 05:59:41 INFO  beta: cache hit
2026-10-09 05:06:54 INFO  beta: parsed batch
2026-10-09 05:13:07 INFO  http: parsed batch
2026-10-09 05:20:20 INFO  beta: fetch ok
2026-10-09 05:27:33 INFO  beta: parsed batch
2026-10-09 05:34:46 INFO  http: fetch ok
2026-10-09 05:41:59 INFO  scheduler: fetch ok
2026-10-09 05:48:12 INFO  http: retry scheduled
2026-10-09 05:55:25 INFO  beta: retry scheduled
2026-10-09 05:02:38 INFO  beta: retry scheduled
2026-10-09 05:09:51 INFO  http: retry scheduled
2026-10-09 05:16:04 INFO  acme-cache: fetch ok
2026-10-09 05:23:17 INFO  scheduler: cache hit
2026-10-09 05:30:30 INFO  scheduler: heartbeat
2026-10-09 05:37:43 INFO  acme-cache: parsed batch
2026-10-09 05:44:56 INFO  beta: retry scheduled
2026-10-09 05:51:09 INFO  scheduler: connection reused
2026-10-09 05:58:22 INFO  http: retry scheduled
2026-10-09 05:05:35 INFO  scheduler: cache hit
2026-10-09 05:12:48 INFO  scheduler: connection reused
2026-10-09 05:19:01 INFO  scheduler: fetch ok
2026-10-09 05:26:14 INFO  beta: fetch ok
2026-10-09 05:33:27 INFO  beta: retry scheduled
2026-10-09 05:40:40 INFO  acme-cache: parsed batch
2026-10-09 05:47:53 INFO  beta: fetch ok
2026-10-09 05:54:06 INFO  acme-cache: parsed batch
2026-10-09 05:01:19 INFO  http: cache hit
2026-10-09 05:08:32 INFO  beta: cache hit
2026-10-09 05:15:45 INFO  http: parsed batch
2026-10-09 05:22:58 INFO  acme-cache: parsed batch
2026-10-09 05:29:11 INFO  beta: fetch ok
2026-10-09 05:36:24 INFO  scheduler: cache hit
2026-10-09 05:43:37 INFO  http: retry scheduled
2026-10-09 05:50:50 INFO  scheduler: retry scheduled
2026-10-09 05:57:03 INFO  scheduler: cache hit
2026-10-09 05:04:16 INFO  acme-cache: retry scheduled
2026-10-09 05:11:29 INFO  scheduler: fetch ok
2026-10-09 05:18:42 INFO  acme-cache: connection reused
2026-10-09 05:25:55 INFO  beta: cache hit
2026-10-09 05:32:08 INFO  beta: retry scheduled
2026-10-09 05:39:21 INFO  beta: fetch ok
2026-10-09 05:46:34 INFO  beta: cache hit
2026-10-09 05:53:47 INFO  http: retry scheduled
2026-10-09 05:00:00 INFO  http: parsed batch
2026-10-09 05:07:13 INFO  scheduler: retry scheduled
2026-10-09 05:14:26 INFO  beta: cache hit
2026-10-09 05:21:39 INFO  acme-cache: retry scheduled
2026-10-09 05:28:52 INFO  scheduler: parsed batch
2026-10-09 05:35:05 INFO  http: retry scheduled
2026-10-09 05:42:18 INFO  acme-cache: parsed batch
2026-10-09 05:49:31 INFO  http: retry scheduled
2026-10-09 05:56:44 INFO  beta: parsed batch
2026-10-09 05:03:57 INFO  beta: connection reused
2026-10-09 05:10:10 INFO  acme-cache: heartbeat
2026-10-09 05:17:23 INFO  scheduler: heartbeat
2026-10-09 05:24:36 INFO  acme-cache: heartbeat
2026-10-09 05:31:49 INFO  beta: parsed batch
2026-10-09 05:38:02 INFO  http: heartbeat
2026-10-09 05:45:15 INFO  beta: retry scheduled
2026-10-09 05:52:28 INFO  beta: connection reused
2026-10-09 05:59:41 INFO  http: fetch ok
2026-10-09 05:06:54 INFO  http: cache hit
2026-10-09 05:13:07 INFO  scheduler: fetch ok
2026-10-09 05:20:20 INFO  http: retry scheduled
2026-10-09 05:27:33 INFO  acme-cache: fetch ok
2026-10-09 05:34:46 INFO  scheduler: connection reused
2026-10-09 05:41:59 INFO  beta: connection reused
2026-10-09 05:48:12 INFO  beta: retry scheduled
2026-10-09 05:55:25 INFO  acme-cache: retry scheduled
2026-10-09 05:02:38 INFO  beta: fetch ok
2026-10-09 05:09:51 INFO  http: cache hit
2026-10-09 05:16:04 INFO  http: cache hit
2026-10-09 05:23:17 INFO  beta: fetch ok
2026-10-09 05:30:30 INFO  acme-cache: fetch ok
2026-10-09 05:37:43 INFO  beta: cache hit
2026-10-09 05:44:56 INFO  beta: connection reused
2026-10-09 05:51:09 INFO  scheduler: cache hit
2026-10-09 05:58:22 INFO  acme-cache: parsed batch
2026-10-09 05:05:35 INFO  scheduler: connection reused
2026-10-09 05:12:48 INFO  beta: cache hit
2026-10-09 05:19:01 INFO  beta: fetch ok
2026-10-09 05:26:14 INFO  acme-cache: connection reused
2026-10-09 05:33:27 INFO  acme-cache: parsed batch
2026-10-09 06:40:40 INFO  beta: connection reused
2026-10-09 06:47:53 INFO  scheduler: retry scheduled
2026-10-09 06:54:06 INFO  scheduler: cache hit
2026-10-09 06:01:19 INFO  beta: retry scheduled
2026-10-09 06:08:32 INFO  acme-cache: fetch ok
2026-10-09 06:15:45 INFO  acme-cache: heartbeat
2026-10-09 06:22:58 INFO  beta: connection reused
2026-10-09 06:29:11 INFO  beta: parsed batch
2026-10-09 06:36:24 INFO  beta: heartbeat
2026-10-09 06:43:37 INFO  beta: parsed batch
2026-10-09 06:50:50 INFO  beta: cache hit
2026-10-09 06:57:03 INFO  beta: parsed batch
2026-10-09 06:04:16 INFO  beta: heartbeat
2026-10-09 06:11:29 INFO  acme-cache: connection reused
2026-10-09 06:18:42 INFO  beta: heartbeat
2026-10-09 06:25:55 INFO  beta: heartbeat
2026-10-09 06:32:08 INFO  scheduler: connection reused
2026-10-09 06:39:21 INFO  http: cache hit
2026-10-09 06:46:34 INFO  scheduler: connection reused
2026-10-09 06:53:47 INFO  http: cache hit
2026-10-09 06:00:00 INFO  beta: fetch ok
2026-10-09 06:07:13 INFO  acme-cache: fetch ok
2026-10-09 06:14:26 INFO  http: heartbeat
2026-10-09 06:21:39 INFO  beta: retry scheduled
2026-10-09 06:28:52 INFO  beta: fetch ok
2026-10-09 06:35:05 INFO  acme-cache: retry scheduled
2026-10-09 06:42:18 INFO  acme-cache: connection reused
2026-10-09 06:49:31 INFO  beta: parsed batch
2026-10-09 06:56:44 INFO  scheduler: connection reused
2026-10-09 06:03:57 INFO  http: retry scheduled
2026-10-09 06:10:10 INFO  acme-cache: heartbeat
2026-10-09 06:17:23 INFO  beta: cache hit
2026-10-09 06:24:36 INFO  scheduler: parsed batch
2026-10-09 06:31:49 INFO  acme-cache: connection reused
2026-10-09 06:38:02 INFO  http: connection reused
2026-10-09 06:45:15 INFO  scheduler: heartbeat
2026-10-09 06:52:28 INFO  beta: connection reused
2026-10-09 06:59:41 INFO  beta: parsed batch
2026-10-09 06:06:54 INFO  http: retry scheduled
2026-10-09 06:13:07 INFO  scheduler: retry scheduled
2026-10-09 06:20:20 INFO  beta: connection reused
2026-10-09 06:27:33 INFO  http: cache hit
2026-10-09 06:34:46 INFO  beta: heartbeat
2026-10-09 06:41:59 INFO  beta: connection reused
2026-10-09 06:48:12 INFO  beta: heartbeat
2026-10-09 06:55:25 INFO  acme-cache: retry scheduled
2026-10-09 06:02:38 INFO  beta: retry scheduled
2026-10-09 06:09:51 INFO  acme-cache: cache hit
2026-10-09 06:16:04 INFO  scheduler: fetch ok
2026-10-09 06:23:17 INFO  beta: connection reused
2026-10-09 06:30:30 INFO  acme-cache: retry scheduled
2026-10-09 06:37:43 INFO  beta: connection reused
2026-10-09 06:44:56 INFO  scheduler: connection reused
2026-10-09 06:51:09 INFO  scheduler: retry scheduled
2026-10-09 06:58:22 INFO  beta: fetch ok
2026-10-09 06:05:35 INFO  http: connection reused
2026-10-09 06:12:48 INFO  scheduler: retry scheduled
2026-10-09 06:19:01 INFO  acme-cache: connection reused
2026-10-09 06:26:14 INFO  acme-cache: retry scheduled
2026-10-09 06:33:27 INFO  beta: heartbeat
2026-10-09 06:40:40 INFO  http: retry scheduled
2026-10-09 06:47:53 INFO  acme-cache: connection reused
2026-10-09 06:54:06 INFO  beta: heartbeat
2026-10-09 06:01:19 INFO  scheduler: retry scheduled
2026-10-09 06:08:32 INFO  beta: heartbeat
2026-10-09 06:15:45 INFO  scheduler: parsed batch
2026-10-09 06:22:58 INFO  beta: fetch ok
2026-10-09 06:29:11 INFO  acme-cache: fetch ok
2026-10-09 06:36:24 INFO  acme-cache: parsed batch
2026-10-09 06:43:37 INFO  beta: fetch ok
2026-10-09 06:50:50 INFO  beta: cache hit
2026-10-09 06:57:03 INFO  acme-cache: retry scheduled
2026-10-09 06:04:16 INFO  beta: connection reused
2026-10-09 06:11:29 INFO  acme-cache: parsed batch
2026-10-09 06:18:42 INFO  beta: retry scheduled
2026-10-09 06:25:55 INFO  acme-cache: parsed batch
2026-10-09 06:32:08 INFO  scheduler: heartbeat
2026-10-09 06:39:21 INFO  acme-cache: cache hit
2026-10-09 06:46:34 INFO  beta: heartbeat
2026-10-09 06:53:47 INFO  beta: fetch ok
2026-10-09 06:00:00 INFO  beta: parsed batch
2026-10-09 06:07:13 INFO  scheduler: fetch ok
2026-10-09 06:14:26 INFO  acme-cache: connection reused
2026-10-09 06:21:39 INFO  http: cache hit
2026-10-09 06:28:52 INFO  beta: connection reused
2026-10-09 06:35:05 INFO  scheduler: parsed batch
2026-10-09 06:42:18 INFO  scheduler: retry scheduled
2026-10-09 06:49:31 INFO  http: cache hit
2026-10-09 06:56:44 INFO  beta: cache hit
2026-10-09 06:03:57 INFO  beta: connection reused
2026-10-09 06:10:10 INFO  acme-cache: connection reused
2026-10-09 06:17:23 INFO  http: connection reused
2026-10-09 06:24:36 INFO  acme-cache: connection reused
2026-10-09 06:31:49 INFO  beta: fetch ok
2026-10-09 06:38:02 INFO  beta: connection reused
2026-10-09 06:45:15 INFO  beta: fetch ok
2026-10-09 06:52:28 INFO  scheduler: retry scheduled
2026-10-09 06:59:41 INFO  acme-cache: cache hit
2026-10-09 06:06:54 INFO  beta: connection reused
2026-10-09 06:13:07 INFO  http: connection reused
2026-10-09 06:20:20 INFO  beta: fetch ok
2026-10-09 06:27:33 INFO  acme-cache: connection reused
2026-10-09 06:34:46 INFO  http: cache hit
2026-10-09 06:41:59 INFO  scheduler: retry scheduled
2026-10-09 06:48:12 INFO  acme-cache: cache hit
2026-10-09 06:55:25 INFO  beta: cache hit
2026-10-09 06:02:38 INFO  beta: heartbeat
2026-10-09 06:09:51 INFO  acme-cache: cache hit
2026-10-09 06:16:04 INFO  beta: fetch ok
2026-10-09 06:23:17 INFO  beta: fetch ok
2026-10-09 06:30:30 INFO  http: connection reused
2026-10-09 06:37:43 INFO  scheduler: fetch ok
2026-10-09 06:44:56 INFO  beta: parsed batch
2026-10-09 06:51:09 INFO  scheduler: parsed batch
2026-10-09 06:58:22 INFO  beta: cache hit
2026-10-09 06:05:35 INFO  http: heartbeat
2026-10-09 06:12:48 INFO  beta: retry scheduled
2026-10-09 06:19:01 INFO  beta: retry scheduled
2026-10-09 06:26:14 INFO  beta: parsed batch
2026-10-09 06:33:27 INFO  scheduler: fetch ok
2026-10-09 06:40:40 INFO  beta: parsed batch
2026-10-09 06:47:53 INFO  scheduler: retry scheduled
2026-10-09 06:54:06 INFO  beta: connection reused
2026-10-09 06:01:19 INFO  acme-cache: fetch ok
2026-10-09 06:08:32 INFO  beta: heartbeat
2026-10-09 06:15:45 INFO  http: parsed batch
2026-10-09 06:22:58 INFO  beta: cache hit
2026-10-09 06:29:11 INFO  beta: connection reused
2026-10-09 06:36:24 INFO  beta: heartbeat
2026-10-09 06:43:37 INFO  scheduler: cache hit
2026-10-09 06:50:50 INFO  beta: parsed batch
2026-10-09 06:57:03 INFO  beta: connection reused
2026-10-09 06:04:16 INFO  beta: connection reused
2026-10-09 06:11:29 INFO  beta: parsed batch
2026-10-09 06:18:42 INFO  acme-cache: fetch ok
2026-10-09 06:25:55 INFO  scheduler: heartbeat
2026-10-09 06:32:08 INFO  acme-cache: heartbeat
2026-10-09 06:39:21 INFO  beta: parsed batch
2026-10-09 06:46:34 INFO  beta: heartbeat
2026-10-09 06:53:47 INFO  acme-cache: heartbeat
2026-10-09 06:00:00 INFO  scheduler: parsed batch
2026-10-09 06:07:13 INFO  http: connection reused
2026-10-09 06:14:26 INFO  beta: parsed batch
2026-10-09 06:21:39 INFO  http: heartbeat
2026-10-09 06:28:52 INFO  beta: fetch ok
2026-10-09 06:35:05 INFO  acme-cache: heartbeat
2026-10-09 06:42:18 INFO  acme-cache: heartbeat
2026-10-09 06:49:31 INFO  http: parsed batch
2026-10-09 06:56:44 INFO  acme-cache: parsed batch
2026-10-09 06:03:57 INFO  beta: cache hit
2026-10-09 06:10:10 INFO  acme-cache: heartbeat
2026-10-09 06:17:23 INFO  beta: retry scheduled
2026-10-09 06:24:36 INFO  beta: connection reused
2026-10-09 06:31:49 INFO  scheduler: connection reused
2026-10-09 06:38:02 INFO  beta: retry scheduled
2026-10-09 06:45:15 INFO  http: cache hit
2026-10-09 06:52:28 INFO  http: heartbeat
2026-10-09 06:59:41 INFO  scheduler: cache hit
2026-10-09 06:06:54 INFO  http: retry scheduled
2026-10-09 06:13:07 INFO  http: parsed batch
2026-10-09 06:20:20 INFO  scheduler: cache hit
2026-10-09 06:27:33 INFO  beta: retry scheduled
2026-10-09 06:34:46 INFO  beta: retry scheduled
2026-10-09 06:41:59 INFO  http: connection reused
2026-10-09 06:48:12 INFO  beta: retry scheduled
2026-10-09 06:55:25 INFO  acme-cache: connection reused
2026-10-09 06:02:38 INFO  beta: retry scheduled
2026-10-09 06:09:51 INFO  http: connection reused
2026-10-09 06:16:04 INFO  acme-cache: connection reused
2026-10-09 06:23:17 INFO  scheduler: retry scheduled
2026-10-09 06:30:30 INFO  http: parsed batch
2026-10-09 06:37:43 INFO  beta: heartbeat
2026-10-09 06:44:56 INFO  http: connection reused
2026-10-09 06:51:09 INFO  beta: connection reused
2026-10-09 06:58:22 INFO  http: heartbeat
2026-10-09 06:05:35 INFO  http: fetch ok
2026-10-09 06:12:48 INFO  scheduler: connection reused
2026-10-09 06:19:01 INFO  beta: parsed batch
2026-10-09 06:26:14 INFO  beta: heartbeat
2026-10-09 06:33:27 INFO  http: heartbeat
2026-10-09 06:40:40 INFO  beta: connection reused
2026-10-09 06:47:53 INFO  http: fetch ok
2026-10-09 06:54:06 INFO  scheduler: connection reused
2026-10-09 06:01:19 INFO  scheduler: heartbeat
2026-10-09 06:08:32 INFO  beta: retry scheduled
2026-10-09 06:15:45 INFO  http: parsed batch
2026-10-09 06:22:58 INFO  beta: retry scheduled
2026-10-09 06:29:11 INFO  acme-cache: heartbeat
2026-10-09 06:36:24 INFO  beta: parsed batch
2026-10-09 06:43:37 INFO  beta: fetch ok
2026-10-09 06:50:50 INFO  acme-cache: fetch ok
2026-10-09 06:57:03 INFO  beta: connection reused
2026-10-09 06:04:16 INFO  http: retry scheduled
2026-10-09 06:11:29 INFO  scheduler: cache hit
2026-10-09 06:18:42 INFO  beta: connection reused
2026-10-09 06:25:55 INFO  beta: parsed batch
2026-10-09 06:32:08 INFO  beta: heartbeat
2026-10-09 06:39:21 INFO  beta: heartbeat
2026-10-09 06:46:34 INFO  beta: connection reused
2026-10-09 06:53:47 INFO  acme-cache: retry scheduled
2026-10-09 06:00:00 INFO  acme-cache: connection reused
2026-10-09 06:07:13 INFO  acme-cache: connection reused
2026-10-09 06:14:26 INFO  beta: cache hit
2026-10-09 06:21:39 INFO  beta: retry scheduled
2026-10-09 06:28:52 INFO  acme-cache: heartbeat
2026-10-09 06:35:05 INFO  http: cache hit
2026-10-09 06:42:18 INFO  scheduler: fetch ok
2026-10-09 06:49:31 INFO  http: cache hit
2026-10-09 06:56:44 INFO  beta: cache hit
2026-10-09 06:03:57 INFO  http: cache hit
2026-10-09 06:10:10 INFO  http: fetch ok
2026-10-09 06:17:23 INFO  beta: connection reused
2026-10-09 06:24:36 INFO  beta: cache hit
2026-10-09 06:31:49 INFO  acme-cache: retry scheduled
2026-10-09 06:38:02 INFO  scheduler: fetch ok
2026-10-09 06:45:15 INFO  http: parsed batch
2026-10-09 06:52:28 INFO  beta: fetch ok
2026-10-09 06:59:41 INFO  scheduler: fetch ok
2026-10-09 06:06:54 INFO  beta: cache hit
2026-10-09 06:13:07 INFO  beta: retry scheduled
2026-10-09 06:20:20 INFO  http: cache hit
2026-10-09 06:27:33 INFO  scheduler: retry scheduled
2026-10-09 06:34:46 INFO  http: cache hit
2026-10-09 06:41:59 INFO  http: connection reused
2026-10-09 06:48:12 INFO  acme-cache: parsed batch
2026-10-09 06:55:25 INFO  beta: fetch ok
2026-10-09 06:02:38 INFO  acme-cache: retry scheduled
2026-10-09 06:09:51 INFO  scheduler: heartbeat
2026-10-09 06:16:04 INFO  scheduler: fetch ok
2026-10-09 06:23:17 INFO  beta: fetch ok
2026-10-09 06:30:30 INFO  beta: heartbeat
2026-10-09 06:37:43 INFO  http: parsed batch
2026-10-09 06:44:56 INFO  scheduler: retry scheduled
2026-10-09 06:51:09 INFO  scheduler: parsed batch
2026-10-09 06:58:22 INFO  beta: heartbeat
2026-10-09 06:05:35 INFO  http: fetch ok
2026-10-09 06:12:48 INFO  acme-cache: cache hit
2026-10-09 06:19:01 INFO  http: retry scheduled
2026-10-09 06:26:14 INFO  acme-cache: retry scheduled
2026-10-09 06:33:27 INFO  http: heartbeat
2026-10-09 06:40:40 INFO  beta: retry scheduled
2026-10-09 06:47:53 INFO  beta: cache hit
2026-10-09 06:54:06 INFO  scheduler: cache hit
2026-10-09 06:01:19 INFO  http: parsed batch
2026-10-09 06:08:32 INFO  scheduler: cache hit
2026-10-09 06:15:45 INFO  acme-cache: fetch ok
2026-10-09 06:22:58 INFO  acme-cache: heartbeat
2026-10-09 06:29:11 INFO  scheduler: cache hit
2026-10-09 06:36:24 INFO  beta: fetch ok
2026-10-09 06:43:37 INFO  beta: parsed batch
2026-10-09 06:50:50 INFO  http: fetch ok
2026-10-09 06:57:03 INFO  beta: connection reused
2026-10-09 06:04:16 INFO  beta: cache hit
2026-10-09 06:11:29 INFO  scheduler: cache hit
2026-10-09 06:18:42 INFO  beta: heartbeat
2026-10-09 06:25:55 INFO  acme-cache: cache hit
2026-10-09 06:32:08 INFO  http: heartbeat
2026-10-09 06:39:21 INFO  http: heartbeat
2026-10-09 06:46:34 INFO  beta: connection reused
2026-10-09 06:53:47 INFO  beta: heartbeat
2026-10-09 06:00:00 INFO  beta: retry scheduled
2026-10-09 06:07:13 INFO  scheduler: connection reused
2026-10-09 06:14:26 INFO  http: connection reused
2026-10-09 06:21:39 INFO  beta: cache hit
2026-10-09 06:28:52 INFO  acme-cache: retry scheduled
2026-10-09 06:35:05 INFO  beta: connection reused
2026-10-09 06:42:18 INFO  beta: cache hit
2026-10-09 06:49:31 INFO  acme-cache: connection reused
2026-10-09 06:56:44 INFO  acme-cache: heartbeat
2026-10-09 06:03:57 INFO  beta: cache hit
2026-10-09 06:10:10 INFO  http: connection reused
2026-10-09 06:17:23 INFO  scheduler: cache hit
2026-10-09 06:24:36 INFO  beta: connection reused
2026-10-09 06:31:49 INFO  acme-cache: connection reused
2026-10-09 06:38:02 INFO  acme-cache: parsed batch
2026-10-09 06:45:15 INFO  http: cache hit
2026-10-09 06:52:28 INFO  beta: retry scheduled
2026-10-09 06:59:41 INFO  acme-cache: retry scheduled
2026-10-09 06:06:54 INFO  beta: retry scheduled
2026-10-09 06:13:07 INFO  beta: connection reused
2026-10-09 06:20:20 INFO  scheduler: parsed batch
2026-10-09 06:27:33 INFO  scheduler: parsed batch
2026-10-09 06:34:46 INFO  http: cache hit
2026-10-09 06:41:59 INFO  beta: heartbeat
2026-10-09 06:48:12 INFO  beta: retry scheduled
2026-10-09 06:55:25 INFO  acme-cache: connection reused
2026-10-09 06:02:38 INFO  acme-cache: cache hit
2026-10-09 06:09:51 INFO  http: heartbeat
2026-10-09 06:16:04 INFO  acme-cache: fetch ok
2026-10-09 06:23:17 INFO  beta: heartbeat
2026-10-09 06:30:30 INFO  beta: heartbeat
2026-10-09 06:37:43 INFO  beta: cache hit
2026-10-09 06:44:56 INFO  http: cache hit
2026-10-09 06:51:09 INFO  scheduler: cache hit
2026-10-09 06:58:22 INFO  scheduler: connection reused
2026-10-09 06:05:35 INFO  beta: parsed batch
2026-10-09 06:12:48 INFO  acme-cache: retry scheduled
2026-10-09 06:19:01 INFO  acme-cache: cache hit
2026-10-09 06:26:14 INFO  http: fetch ok
2026-10-09 06:33:27 INFO  beta: connection reused
2026-10-09 06:40:40 INFO  acme-cache: retry scheduled
2026-10-09 06:47:53 INFO  beta: retry scheduled
2026-10-09 06:54:06 INFO  beta: parsed batch
2026-10-09 06:01:19 INFO  scheduler: retry scheduled
2026-10-09 06:08:32 INFO  http: cache hit
2026-10-09 06:15:45 INFO  http: connection reused
2026-10-09 06:22:58 INFO  beta: retry scheduled
2026-10-09 06:29:11 INFO  beta: connection reused
2026-10-09 06:36:24 INFO  beta: retry scheduled
2026-10-09 06:43:37 INFO  http: fetch ok
2026-10-09 06:50:50 INFO  beta: fetch ok
2026-10-09 06:57:03 INFO  http: cache hit
2026-10-09 06:04:16 INFO  beta: fetch ok
2026-10-09 06:11:29 INFO  beta: cache hit
2026-10-09 06:18:42 INFO  http: connection reused
2026-10-09 06:25:55 INFO  beta: connection reused
2026-10-09 06:32:08 INFO  acme-cache: fetch ok
2026-10-09 06:39:21 INFO  beta: cache hit
2026-10-09 06:46:34 INFO  acme-cache: connection reused
2026-10-09 06:53:47 INFO  beta: connection reused
2026-10-09 06:00:00 INFO  scheduler: parsed batch
2026-10-09 06:07:13 INFO  http: connection reused
2026-10-09 06:14:26 INFO  acme-cache: retry scheduled
2026-10-09 06:21:39 INFO  beta: parsed batch
2026-10-09 06:28:52 INFO  beta: fetch ok
2026-10-09 06:35:05 INFO  http: cache hit
2026-10-09 06:42:18 INFO  scheduler: heartbeat
2026-10-09 06:49:31 INFO  scheduler: cache hit
2026-10-09 06:56:44 INFO  scheduler: fetch ok
2026-10-09 06:03:57 INFO  beta: cache hit
2026-10-09 06:10:10 INFO  http: connection reused
2026-10-09 06:17:23 INFO  acme-cache: fetch ok
2026-10-09 06:24:36 INFO  scheduler: heartbeat
2026-10-09 06:31:49 INFO  acme-cache: retry scheduled
2026-10-09 06:38:02 INFO  beta: fetch ok
2026-10-09 06:45:15 INFO  beta: retry scheduled
2026-10-09 06:52:28 INFO  beta: heartbeat
2026-10-09 06:59:41 INFO  beta: cache hit
2026-10-09 06:06:54 INFO  acme-cache: parsed batch
2026-10-09 06:13:07 INFO  acme-cache: heartbeat
2026-10-09 06:20:20 INFO  http: heartbeat
2026-10-09 06:27:33 INFO  beta: connection reused
2026-10-09 06:34:46 INFO  http: heartbeat
2026-10-09 06:41:59 INFO  acme-cache: retry scheduled
2026-10-09 06:48:12 INFO  http: cache hit
2026-10-09 06:55:25 INFO  scheduler: fetch ok
2026-10-09 06:02:38 INFO  acme-cache: connection reused
2026-10-09 06:09:51 INFO  http: connection reused
2026-10-09 06:16:04 INFO  scheduler: heartbeat
2026-10-09 06:23:17 INFO  acme-cache: cache hit
2026-10-09 06:30:30 INFO  http: heartbeat
2026-10-09 06:37:43 INFO  acme-cache: retry scheduled
2026-10-09 06:44:56 INFO  acme-cache: fetch ok
2026-10-09 06:51:09 INFO  http: parsed batch
2026-10-09 06:58:22 INFO  beta: connection reused
2026-10-09 06:05:35 INFO  acme-cache: retry scheduled
2026-10-09 06:12:48 INFO  beta: parsed batch
2026-10-09 06:19:01 INFO  beta: fetch ok
2026-10-09 06:26:14 INFO  http: retry scheduled
2026-10-09 06:33:27 INFO  beta: fetch ok
2026-10-09 06:40:40 INFO  http: heartbeat
2026-10-09 06:47:53 INFO  beta: heartbeat
2026-10-09 06:54:06 INFO  beta: cache hit
2026-10-09 06:01:19 INFO  http: cache hit
2026-10-09 06:08:32 INFO  beta: retry scheduled
2026-10-09 06:15:45 INFO  beta: heartbeat
2026-10-09 06:22:58 INFO  beta: cache hit
2026-10-09 06:29:11 INFO  beta: parsed batch
2026-10-09 06:36:24 INFO  scheduler: retry scheduled
2026-10-09 06:43:37 INFO  acme-cache: parsed batch
2026-10-09 06:50:50 INFO  scheduler: retry scheduled
2026-10-09 06:57:03 INFO  acme-cache: fetch ok
2026-10-09 06:04:16 INFO  beta: connection reused
2026-10-09 06:11:29 INFO  beta: fetch ok
2026-10-09 06:18:42 INFO  scheduler: connection reused
2026-10-09 06:25:55 INFO  acme-cache: fetch ok
2026-10-09 06:32:08 INFO  beta: heartbeat
2026-10-09 06:39:21 INFO  scheduler: parsed batch
2026-10-09 06:46:34 INFO  scheduler: connection reused
2026-10-09 06:53:47 INFO  beta: fetch ok
2026-10-09 06:00:00 INFO  acme-cache: fetch ok
2026-10-09 06:07:13 INFO  acme-cache: connection reused
2026-10-09 06:14:26 INFO  scheduler: retry scheduled
2026-10-09 06:21:39 INFO  beta: cache hit
2026-10-09 06:28:52 INFO  beta: cache hit
2026-10-09 06:35:05 INFO  scheduler: connection reused
2026-10-09 06:42:18 INFO  acme-cache: cache hit
2026-10-09 06:49:31 INFO  scheduler: retry scheduled
2026-10-09 06:56:44 INFO  http: retry scheduled
2026-10-09 06:03:57 INFO  scheduler: cache hit
2026-10-09 06:10:10 INFO  beta: cache hit
2026-10-09 06:17:23 INFO  acme-cache: fetch ok
2026-10-09 06:24:36 INFO  acme-cache: fetch ok
2026-10-09 06:31:49 INFO  scheduler: retry scheduled
2026-10-09 06:38:02 INFO  beta: cache hit
2026-10-09 06:45:15 INFO  http: heartbeat
2026-10-09 06:52:28 INFO  scheduler: retry scheduled
2026-10-09 06:59:41 INFO  http: fetch ok
2026-10-09 06:06:54 INFO  beta: connection reused
2026-10-09 06:13:07 INFO  acme-cache: fetch ok
2026-10-09 07:20:20 INFO  scheduler: retry scheduled
2026-10-09 07:27:33 INFO  scheduler: retry scheduled
2026-10-09 07:34:46 INFO  acme-cache: connection reused
2026-10-09 07:41:59 INFO  beta: fetch ok
2026-10-09 07:48:12 INFO  beta: fetch ok
2026-10-09 07:55:25 INFO  beta: cache hit
2026-10-09 07:02:38 INFO  beta: heartbeat
2026-10-09 07:09:51 INFO  acme-cache: fetch ok
2026-10-09 07:16:04 INFO  beta: parsed batch
2026-10-09 07:23:17 INFO  scheduler: fetch ok
2026-10-09 07:30:30 INFO  scheduler: cache hit
2026-10-09 07:37:43 INFO  scheduler: cache hit
2026-10-09 07:44:56 INFO  beta: heartbeat
2026-10-09 07:51:09 INFO  beta: retry scheduled
2026-10-09 07:58:22 INFO  beta: fetch ok
2026-10-09 07:05:35 INFO  beta: heartbeat
2026-10-09 07:12:48 INFO  http: retry scheduled
2026-10-09 07:19:01 INFO  http: parsed batch
2026-10-09 07:26:14 INFO  beta: connection reused
2026-10-09 07:33:27 INFO  beta: fetch ok
2026-10-09 07:40:40 INFO  acme-cache: fetch ok
2026-10-09 07:47:53 INFO  beta: fetch ok
2026-10-09 07:54:06 INFO  scheduler: retry scheduled
2026-10-09 07:01:19 INFO  http: parsed batch
2026-10-09 07:08:32 INFO  beta: retry scheduled
2026-10-09 07:15:45 INFO  beta: connection reused
2026-10-09 07:22:58 INFO  http: retry scheduled
2026-10-09 07:29:11 INFO  http: heartbeat
2026-10-09 07:36:24 INFO  beta: heartbeat
2026-10-09 07:43:37 INFO  acme-cache: parsed batch
2026-10-09 07:50:50 INFO  beta: cache hit
2026-10-09 07:57:03 INFO  beta: retry scheduled
2026-10-09 07:04:16 INFO  beta: cache hit
2026-10-09 07:11:29 INFO  beta: fetch ok
2026-10-09 07:18:42 INFO  acme-cache: cache hit
2026-10-09 07:25:55 INFO  beta: fetch ok
2026-10-09 07:32:08 INFO  beta: heartbeat
2026-10-09 07:39:21 INFO  beta: parsed batch
2026-10-09 07:46:34 INFO  http: cache hit
2026-10-09 07:53:47 INFO  acme-cache: fetch ok
2026-10-09 07:00:00 INFO  acme-cache: connection reused
2026-10-09 07:07:13 INFO  beta: connection reused
2026-10-09 07:14:26 INFO  scheduler: heartbeat
2026-10-09 07:21:39 INFO  acme-cache: heartbeat
2026-10-09 07:28:52 INFO  acme-cache: connection reused
2026-10-09 07:35:05 INFO  scheduler: connection reused
2026-10-09 07:42:18 INFO  acme-cache: parsed batch
2026-10-09 07:49:31 INFO  scheduler: cache hit
2026-10-09 07:56:44 INFO  http: parsed batch
2026-10-09 07:03:57 INFO  scheduler: retry scheduled
2026-10-09 07:10:10 INFO  scheduler: parsed batch
2026-10-09 07:17:23 INFO  scheduler: retry scheduled
2026-10-09 07:24:36 INFO  beta: retry scheduled
2026-10-09 07:31:49 INFO  http: heartbeat
2026-10-09 07:38:02 INFO  acme-cache: connection reused
2026-10-09 07:45:15 INFO  http: connection reused
2026-10-09 07:52:28 INFO  scheduler: retry scheduled
2026-10-09 07:59:41 INFO  beta: connection reused
2026-10-09 07:06:54 INFO  beta: fetch ok
2026-10-09 07:13:07 INFO  http: fetch ok
2026-10-09 07:20:20 INFO  beta: parsed batch
2026-10-09 07:27:33 INFO  http: cache hit
2026-10-09 07:34:46 INFO  scheduler: heartbeat
2026-10-09 07:41:59 INFO  acme-cache: parsed batch
2026-10-09 07:48:12 INFO  http: fetch ok
2026-10-09 07:55:25 INFO  scheduler: connection reused
2026-10-09 07:02:38 INFO  scheduler: heartbeat
2026-10-09 07:09:51 INFO  acme-cache: heartbeat
2026-10-09 07:16:04 INFO  http: parsed batch
2026-10-09 07:23:17 INFO  beta: connection reused
2026-10-09 07:30:30 INFO  scheduler: cache hit
2026-10-09 07:37:43 INFO  beta: parsed batch
2026-10-09 07:44:56 INFO  http: cache hit
2026-10-09 07:51:09 INFO  http: connection reused
2026-10-09 07:58:22 INFO  acme-cache: fetch ok
2026-10-09 07:05:35 INFO  http: connection reused
2026-10-09 07:12:48 INFO  beta: heartbeat
2026-10-09 07:19:01 INFO  acme-cache: cache hit
2026-10-09 07:26:14 INFO  scheduler: connection reused
2026-10-09 07:33:27 INFO  acme-cache: heartbeat
2026-10-09 07:40:40 INFO  http: parsed batch
2026-10-09 07:47:53 INFO  http: retry scheduled
2026-10-09 07:54:06 INFO  beta: fetch ok
2026-10-09 07:01:19 INFO  http: cache hit
2026-10-09 07:08:32 INFO  http: retry scheduled
2026-10-09 07:15:45 INFO  http: retry scheduled
2026-10-09 07:22:58 INFO  acme-cache: retry scheduled
2026-10-09 07:29:11 INFO  beta: retry scheduled
2026-10-09 07:36:24 INFO  scheduler: retry scheduled
2026-10-09 07:43:37 INFO  beta: cache hit
2026-10-09 07:50:50 INFO  scheduler: cache hit
2026-10-09 07:57:03 INFO  scheduler: fetch ok
2026-10-09 07:04:16 INFO  scheduler: retry scheduled
2026-10-09 07:11:29 INFO  acme-cache: parsed batch
2026-10-09 07:18:42 INFO  beta: cache hit
2026-10-09 07:25:55 INFO  acme-cache: connection reused
2026-10-09 07:32:08 INFO  http: heartbeat
2026-10-09 07:39:21 INFO  acme-cache: parsed batch
2026-10-09 07:46:34 INFO  beta: cache hit
2026-10-09 07:53:47 INFO  scheduler: cache hit
2026-10-09 07:00:00 INFO  scheduler: connection reused
2026-10-09 07:07:13 INFO  beta: parsed batch
2026-10-09 07:14:26 INFO  scheduler: connection reused
2026-10-09 07:21:39 INFO  beta: heartbeat
2026-10-09 07:28:52 INFO  beta: fetch ok
2026-10-09 07:35:05 INFO  beta: cache hit
2026-10-09 07:42:18 INFO  scheduler: heartbeat
2026-10-09 07:49:31 INFO  beta: heartbeat
2026-10-09 07:56:44 INFO  acme-cache: heartbeat
2026-10-09 07:03:57 INFO  acme-cache: parsed batch
2026-10-09 07:10:10 INFO  acme-cache: fetch ok
2026-10-09 07:17:23 INFO  http: retry scheduled
2026-10-09 07:24:36 INFO  beta: heartbeat
2026-10-09 07:31:49 INFO  acme-cache: fetch ok
2026-10-09 07:38:02 INFO  http: retry scheduled
2026-10-09 07:45:15 INFO  acme-cache: connection reused
2026-10-09 07:52:28 INFO  http: cache hit
2026-10-09 07:59:41 INFO  acme-cache: cache hit
2026-10-09 07:06:54 INFO  beta: cache hit
2026-10-09 07:13:07 INFO  scheduler: fetch ok
2026-10-09 07:20:20 INFO  http: connection reused
2026-10-09 07:27:33 INFO  scheduler: fetch ok
2026-10-09 07:34:46 INFO  beta: retry scheduled
2026-10-09 07:41:59 INFO  scheduler: cache hit
2026-10-09 07:48:12 INFO  http: cache hit
2026-10-09 07:55:25 INFO  beta: connection reused
2026-10-09 07:02:38 INFO  scheduler: parsed batch
2026-10-09 07:09:51 INFO  acme-cache: fetch ok
2026-10-09 07:16:04 INFO  acme-cache: parsed batch
2026-10-09 07:23:17 INFO  scheduler: connection reused
2026-10-09 07:30:30 INFO  http: cache hit
2026-10-09 07:37:43 INFO  acme-cache: retry scheduled
2026-10-09 07:44:56 INFO  scheduler: heartbeat
2026-10-09 07:51:09 INFO  beta: heartbeat
2026-10-09 07:58:22 INFO  beta: connection reused
2026-10-09 07:05:35 INFO  http: cache hit
2026-10-09 07:12:48 INFO  beta: connection reused
2026-10-09 07:19:01 INFO  beta: cache hit
2026-10-09 07:26:14 INFO  beta: fetch ok
2026-10-09 07:33:27 INFO  scheduler: parsed batch
2026-10-09 07:40:40 INFO  scheduler: heartbeat
2026-10-09 07:47:53 INFO  scheduler: parsed batch
2026-10-09 07:54:06 INFO  beta: fetch ok
2026-10-09 07:01:19 INFO  http: heartbeat
2026-10-09 07:08:32 INFO  scheduler: parsed batch
2026-10-09 07:15:45 INFO  scheduler: parsed batch
2026-10-09 07:22:58 INFO  scheduler: retry scheduled
2026-10-09 07:29:11 INFO  beta: parsed batch
2026-10-09 07:36:24 INFO  scheduler: parsed batch
2026-10-09 07:43:37 INFO  beta: heartbeat
2026-10-09 07:50:50 INFO  beta: connection reused
2026-10-09 07:57:03 INFO  beta: connection reused
2026-10-09 07:04:16 INFO  beta: parsed batch
2026-10-09 07:11:29 INFO  http: fetch ok
2026-10-09 07:18:42 INFO  acme-cache: heartbeat
2026-10-09 07:25:55 INFO  acme-cache: parsed batch
2026-10-09 07:32:08 INFO  scheduler: fetch ok
2026-10-09 07:39:21 INFO  beta: retry scheduled
2026-10-09 07:46:34 INFO  beta: heartbeat
2026-10-09 07:53:47 INFO  beta: fetch ok
2026-10-09 07:00:00 INFO  scheduler: fetch ok
2026-10-09 07:07:13 INFO  beta: heartbeat
2026-10-09 07:14:26 INFO  scheduler: fetch ok
2026-10-09 07:21:39 INFO  beta: connection reused
2026-10-09 07:28:52 INFO  acme-cache: parsed batch
2026-10-09 07:35:05 INFO  beta: heartbeat
2026-10-09 07:42:18 INFO  scheduler: heartbeat
2026-10-09 07:49:31 INFO  beta: parsed batch
2026-10-09 07:56:44 INFO  beta: connection reused
2026-10-09 07:03:57 INFO  beta: cache hit
2026-10-09 07:10:10 INFO  acme-cache: retry scheduled
2026-10-09 07:17:23 INFO  http: fetch ok
2026-10-09 07:24:36 INFO  beta: heartbeat
2026-10-09 07:31:49 INFO  acme-cache: heartbeat
2026-10-09 07:38:02 INFO  acme-cache: fetch ok
2026-10-09 07:45:15 INFO  acme-cache: parsed batch
2026-10-09 07:52:28 INFO  acme-cache: connection reused
2026-10-09 07:59:41 INFO  acme-cache: heartbeat
2026-10-09 07:06:54 INFO  scheduler: heartbeat
2026-10-09 07:13:07 INFO  scheduler: connection reused
2026-10-09 07:20:20 INFO  beta: cache hit
2026-10-09 07:27:33 INFO  acme-cache: retry scheduled
2026-10-09 07:34:46 INFO  scheduler: parsed batch
2026-10-09 07:41:59 INFO  http: cache hit
2026-10-09 07:48:12 INFO  acme-cache: retry scheduled
2026-10-09 07:55:25 INFO  beta: fetch ok
2026-10-09 07:02:38 INFO  beta: heartbeat
2026-10-09 07:09:51 INFO  acme-cache: parsed batch
2026-10-09 07:16:04 INFO  scheduler: connection reused
2026-10-09 07:23:17 INFO  http: retry scheduled
2026-10-09 07:30:30 INFO  acme-cache: cache hit
2026-10-09 07:37:43 INFO  beta: parsed batch
2026-10-09 07:44:56 INFO  http: connection reused
2026-10-09 07:51:09 INFO  beta: connection reused
2026-10-09 07:58:22 INFO  acme-cache: fetch ok
2026-10-09 07:05:35 INFO  http: fetch ok
2026-10-09 07:12:48 INFO  scheduler: heartbeat
2026-10-09 07:19:01 INFO  acme-cache: fetch ok
2026-10-09 07:26:14 INFO  acme-cache: retry scheduled
2026-10-09 07:33:27 INFO  scheduler: cache hit
2026-10-09 07:40:40 INFO  beta: connection reused
2026-10-09 07:47:53 INFO  beta: heartbeat
2026-10-09 07:54:06 INFO  http: parsed batch
2026-10-09 07:01:19 INFO  scheduler: connection reused
2026-10-09 07:08:32 INFO  scheduler: retry scheduled
2026-10-09 07:15:45 INFO  beta: fetch ok
2026-10-09 07:22:58 INFO  beta: parsed batch
2026-10-09 07:29:11 INFO  beta: fetch ok
2026-10-09 07:36:24 INFO  beta: fetch ok
2026-10-09 07:43:37 INFO  http: parsed batch
2026-10-09 07:50:50 INFO  beta: fetch ok
2026-10-09 07:57:03 INFO  http: connection reused
2026-10-09 07:04:16 INFO  beta: parsed batch
2026-10-09 07:11:29 INFO  beta: connection reused
2026-10-09 07:18:42 INFO  acme-cache: retry scheduled
2026-10-09 07:25:55 INFO  http: retry scheduled
2026-10-09 07:32:08 INFO  beta: connection reused
2026-10-09 07:39:21 INFO  beta: heartbeat
2026-10-09 07:46:34 INFO  beta: parsed batch
2026-10-09 07:53:47 INFO  beta: retry scheduled
2026-10-09 07:00:00 INFO  beta: fetch ok
2026-10-09 07:07:13 INFO  scheduler: retry scheduled
2026-10-09 07:14:26 INFO  acme-cache: connection reused
2026-10-09 07:21:39 INFO  scheduler: connection reused
2026-10-09 07:28:52 INFO  scheduler: retry scheduled
2026-10-09 07:35:05 INFO  beta: connection reused
2026-10-09 07:42:18 INFO  beta: fetch ok
2026-10-09 07:49:31 INFO  beta: parsed batch
2026-10-09 07:56:44 INFO  acme-cache: retry scheduled
2026-10-09 07:03:57 INFO  http: cache hit
2026-10-09 07:10:10 INFO  http: connection reused
2026-10-09 07:17:23 INFO  beta: cache hit
2026-10-09 07:24:36 INFO  acme-cache: cache hit
2026-10-09 07:31:49 INFO  http: retry scheduled
2026-10-09 07:38:02 INFO  beta: connection reused
2026-10-09 07:45:15 INFO  beta: parsed batch
2026-10-09 07:52:28 INFO  beta: cache hit
2026-10-09 07:59:41 INFO  scheduler: retry scheduled
2026-10-09 07:06:54 INFO  acme-cache: retry scheduled
2026-10-09 07:13:07 INFO  http: connection reused
2026-10-09 07:20:20 INFO  beta: retry scheduled
2026-10-09 07:27:33 INFO  scheduler: retry scheduled
2026-10-09 07:34:46 INFO  beta: parsed batch
2026-10-09 07:41:59 INFO  acme-cache: connection reused
2026-10-09 07:48:12 INFO  scheduler: fetch ok
2026-10-09 07:55:25 INFO  beta: cache hit
2026-10-09 07:02:38 INFO  beta: connection reused
2026-10-09 07:09:51 INFO  beta: connection reused
2026-10-09 07:16:04 INFO  http: heartbeat
2026-10-09 07:23:17 INFO  beta: cache hit
2026-10-09 07:30:30 INFO  scheduler: cache hit
2026-10-09 07:37:43 INFO  beta: parsed batch
2026-10-09 07:44:56 INFO  beta: retry scheduled
2026-10-09 07:51:09 INFO  scheduler: cache hit
2026-10-09 07:58:22 INFO  acme-cache: heartbeat
2026-10-09 07:05:35 INFO  http: heartbeat
2026-10-09 07:12:48 INFO  beta: retry scheduled
2026-10-09 07:19:01 INFO  beta: parsed batch
2026-10-09 07:26:14 INFO  acme-cache: retry scheduled
2026-10-09 07:33:27 INFO  http: cache hit
2026-10-09 07:40:40 INFO  beta: heartbeat
2026-10-09 07:47:53 INFO  http: fetch ok
2026-10-09 07:54:06 INFO  beta: cache hit
2026-10-09 07:01:19 INFO  beta: retry scheduled
2026-10-09 07:08:32 INFO  acme-cache: fetch ok
2026-10-09 07:15:45 INFO  beta: cache hit
2026-10-09 07:22:58 INFO  acme-cache: parsed batch
2026-10-09 07:29:11 INFO  scheduler: retry scheduled
2026-10-09 07:36:24 INFO  acme-cache: connection reused
2026-10-09 07:43:37 INFO  acme-cache: retry scheduled
2026-10-09 07:50:50 INFO  beta: cache hit
2026-10-09 07:57:03 INFO  beta: connection reused
2026-10-09 07:04:16 INFO  http: parsed batch
2026-10-09 07:11:29 INFO  beta: connection reused
2026-10-09 07:18:42 INFO  http: fetch ok
2026-10-09 07:25:55 INFO  beta: heartbeat
2026-10-09 07:32:08 INFO  scheduler: parsed batch
2026-10-09 07:39:21 INFO  beta: fetch ok
2026-10-09 07:46:34 INFO  beta: heartbeat
2026-10-09 07:53:47 INFO  http: fetch ok
2026-10-09 07:00:00 INFO  scheduler: connection reused
2026-10-09 07:07:13 INFO  beta: parsed batch
2026-10-09 07:14:26 INFO  http: cache hit
2026-10-09 07:21:39 INFO  beta: cache hit
2026-10-09 07:28:52 INFO  beta: cache hit
2026-10-09 07:35:05 INFO  beta: connection reused
2026-10-09 07:42:18 INFO  beta: cache hit
2026-10-09 07:49:31 INFO  beta: connection reused
2026-10-09 07:56:44 INFO  scheduler: cache hit
2026-10-09 07:03:57 INFO  beta: cache hit
2026-10-09 07:10:10 INFO  beta: fetch ok
2026-10-09 07:17:23 INFO  beta: fetch ok
2026-10-09 07:24:36 INFO  beta: parsed batch
2026-10-09 07:31:49 INFO  acme-cache: heartbeat
2026-10-09 07:38:02 INFO  http: fetch ok
2026-10-09 07:45:15 INFO  acme-cache: parsed batch
2026-10-09 07:52:28 INFO  beta: retry scheduled
2026-10-09 07:59:41 INFO  http: heartbeat
2026-10-09 07:06:54 INFO  beta: heartbeat
2026-10-09 07:13:07 INFO  acme-cache: cache hit
2026-10-09 07:20:20 INFO  beta: cache hit
2026-10-09 07:27:33 INFO  scheduler: heartbeat
2026-10-09 07:34:46 INFO  beta: retry scheduled
2026-10-09 07:41:59 INFO  beta: connection reused
2026-10-09 07:48:12 INFO  http: heartbeat
2026-10-09 07:55:25 INFO  beta: fetch ok
2026-10-09 07:02:38 INFO  beta: fetch ok
2026-10-09 07:09:51 INFO  beta: parsed batch
2026-10-09 07:16:04 INFO  http: retry scheduled
2026-10-09 07:23:17 INFO  beta: fetch ok
2026-10-09 07:30:30 INFO  beta: retry scheduled
2026-10-09 07:37:43 INFO  acme-cache: fetch ok
2026-10-09 07:44:56 INFO  scheduler: parsed batch
2026-10-09 07:51:09 INFO  http: heartbeat
2026-10-09 07:58:22 INFO  beta: cache hit
2026-10-09 07:05:35 INFO  http: fetch ok
2026-10-09 07:12:48 INFO  beta: connection reused
2026-10-09 07:19:01 INFO  http: retry scheduled
2026-10-09 07:26:14 INFO  beta: retry scheduled
2026-10-09 07:33:27 INFO  http: heartbeat
2026-10-09 07:40:40 INFO  beta: retry scheduled
2026-10-09 07:47:53 INFO  beta: heartbeat
2026-10-09 07:54:06 INFO  acme-cache: fetch ok
2026-10-09 07:01:19 INFO  beta: retry scheduled
2026-10-09 07:08:32 INFO  http: connection reused
2026-10-09 07:15:45 INFO  beta: cache hit
2026-10-09 07:22:58 INFO  acme-cache: fetch ok
2026-10-09 07:29:11 INFO  scheduler: heartbeat
2026-10-09 07:36:24 INFO  beta: fetch ok
2026-10-09 07:43:37 INFO  acme-cache: parsed batch
2026-10-09 07:50:50 INFO  scheduler: fetch ok
2026-10-09 07:57:03 INFO  beta: retry scheduled
2026-10-09 07:04:16 INFO  beta: connection reused
2026-10-09 07:11:29 INFO  http: connection reused
2026-10-09 07:18:42 INFO  beta: retry scheduled
2026-10-09 07:25:55 INFO  acme-cache: retry scheduled
2026-10-09 07:32:08 INFO  beta: retry scheduled
2026-10-09 07:39:21 INFO  beta: connection reused
2026-10-09 07:46:34 INFO  acme-cache: connection reused
2026-10-09 07:53:47 INFO  beta: fetch ok
2026-10-09 07:00:00 INFO  scheduler: fetch ok
2026-10-09 07:07:13 INFO  scheduler: heartbeat
2026-10-09 07:14:26 INFO  acme-cache: fetch ok
2026-10-09 07:21:39 INFO  http: connection reused
2026-10-09 07:28:52 INFO  beta: retry scheduled
2026-10-09 07:35:05 INFO  beta: cache hit
2026-10-09 07:42:18 INFO  scheduler: fetch ok
2026-10-09 07:49:31 INFO  acme-cache: heartbeat
2026-10-09 07:56:44 INFO  beta: parsed batch
2026-10-09 07:03:57 INFO  scheduler: retry scheduled
2026-10-09 07:10:10 INFO  acme-cache: connection reused
2026-10-09 07:17:23 INFO  acme-cache: fetch ok
2026-10-09 07:24:36 INFO  scheduler: connection reused
2026-10-09 07:31:49 INFO  http: retry scheduled
2026-10-09 07:38:02 INFO  scheduler: parsed batch
2026-10-09 07:45:15 INFO  http: cache hit
2026-10-09 07:52:28 INFO  http: heartbeat
2026-10-09 07:59:41 INFO  beta: fetch ok
2026-10-09 07:06:54 INFO  acme-cache: retry scheduled
2026-10-09 07:13:07 INFO  beta: retry scheduled
2026-10-09 07:20:20 INFO  http: parsed batch
2026-10-09 07:27:33 INFO  http: retry scheduled
2026-10-09 07:34:46 INFO  scheduler: heartbeat
2026-10-09 07:41:59 INFO  beta: parsed batch
2026-10-09 07:48:12 INFO  scheduler: connection reused
2026-10-09 07:55:25 INFO  acme-cache: parsed batch
2026-10-09 07:02:38 INFO  scheduler: fetch ok
2026-10-09 07:09:51 INFO  beta: connection reused
2026-10-09 07:16:04 INFO  acme-cache: connection reused
2026-10-09 07:23:17 INFO  http: parsed batch
2026-10-09 07:30:30 INFO  acme-cache: fetch ok
2026-10-09 07:37:43 INFO  acme-cache: parsed batch
2026-10-09 07:44:56 INFO  http: fetch ok
2026-10-09 07:51:09 INFO  beta: parsed batch
2026-10-09 07:58:22 INFO  scheduler: parsed batch
2026-10-09 07:05:35 INFO  http: cache hit
2026-10-09 07:12:48 INFO  scheduler: retry scheduled
2026-10-09 07:19:01 INFO  acme-cache: heartbeat
2026-10-09 07:26:14 INFO  beta: fetch ok
2026-10-09 07:33:27 INFO  acme-cache: parsed batch
2026-10-09 07:40:40 INFO  scheduler: heartbeat
2026-10-09 07:47:53 INFO  beta: cache hit
2026-10-09 07:54:06 INFO  acme-cache: fetch ok
2026-10-09 07:01:19 INFO  acme-cache: retry scheduled
2026-10-09 07:08:32 INFO  scheduler: parsed batch
2026-10-09 07:15:45 INFO  http: retry scheduled
2026-10-09 07:22:58 INFO  beta: retry scheduled
2026-10-09 07:29:11 INFO  beta: parsed batch
2026-10-09 07:36:24 INFO  beta: parsed batch
2026-10-09 07:43:37 INFO  acme-cache: cache hit
2026-10-09 07:50:50 INFO  beta: cache hit
2026-10-09 07:57:03 INFO  beta: retry scheduled
2026-10-09 07:04:16 INFO  acme-cache: heartbeat
2026-10-09 07:11:29 INFO  scheduler: cache hit
2026-10-09 07:18:42 INFO  scheduler: cache hit
2026-10-09 07:25:55 INFO  http: heartbeat
2026-10-09 07:32:08 INFO  beta: retry scheduled
2026-10-09 07:39:21 INFO  scheduler: heartbeat
2026-10-09 07:46:34 INFO  beta: fetch ok
2026-10-09 07:53:47 INFO  beta: fetch ok
2026-10-09 08:00:00 INFO  beta: parsed batch
2026-10-09 08:07:13 INFO  http: connection reused
2026-10-09 08:14:26 INFO  acme-cache: connection reused
2026-10-09 08:21:39 INFO  acme-cache: connection reused
2026-10-09 08:28:52 INFO  beta: heartbeat
2026-10-09 08:35:05 INFO  http: connection reused
2026-10-09 08:42:18 INFO  scheduler: retry scheduled
2026-10-09 08:49:31 INFO  acme-cache: connection reused
2026-10-09 08:56:44 INFO  scheduler: fetch ok
2026-10-09 08:03:57 INFO  http: heartbeat
2026-10-09 08:10:10 INFO  acme-cache: parsed batch
2026-10-09 08:17:23 INFO  acme-cache: cache hit
2026-10-09 08:24:36 INFO  acme-cache: cache hit
2026-10-09 08:31:49 INFO  scheduler: heartbeat
2026-10-09 08:38:02 INFO  beta: connection reused
2026-10-09 08:45:15 INFO  scheduler: parsed batch
2026-10-09 08:52:28 INFO  acme-cache: connection reused
2026-10-09 08:59:41 INFO  beta: fetch ok
2026-10-09 08:06:54 INFO  beta: heartbeat
2026-10-09 08:13:07 INFO  scheduler: parsed batch
2026-10-09 08:20:20 INFO  acme-cache: heartbeat
2026-10-09 08:27:33 INFO  beta: connection reused
2026-10-09 08:34:46 INFO  http: connection reused
2026-10-09 08:41:59 INFO  scheduler: fetch ok
2026-10-09 08:48:12 INFO  acme-cache: parsed batch
2026-10-09 08:55:25 INFO  beta: fetch ok
2026-10-09 08:02:38 INFO  acme-cache: retry scheduled
2026-10-09 08:09:51 INFO  beta: heartbeat
2026-10-09 08:16:04 INFO  http: heartbeat
2026-10-09 08:23:17 INFO  beta: parsed batch
2026-10-09 08:30:30 INFO  beta: connection reused
2026-10-09 08:37:43 INFO  http: connection reused
2026-10-09 08:44:56 INFO  acme-cache: connection reused
2026-10-09 08:51:09 INFO  beta: cache hit
2026-10-09 08:58:22 INFO  http: fetch ok
2026-10-09 08:05:35 INFO  scheduler: heartbeat
2026-10-09 08:12:48 INFO  scheduler: connection reused
2026-10-09 08:19:01 INFO  beta: connection reused
2026-10-09 08:26:14 INFO  scheduler: parsed batch
2026-10-09 08:33:27 INFO  acme-cache: connection reused
2026-10-09 08:40:40 INFO  acme-cache: cache hit
2026-10-09 08:47:53 INFO  beta: heartbeat
2026-10-09 08:54:06 INFO  scheduler: fetch ok
2026-10-09 08:01:19 INFO  http: cache hit
2026-10-09 08:08:32 INFO  beta: retry scheduled
2026-10-09 08:15:45 INFO  http: fetch ok
2026-10-09 08:22:58 INFO  beta: cache hit
2026-10-09 08:29:11 INFO  http: retry scheduled
2026-10-09 08:36:24 INFO  acme-cache: fetch ok
2026-10-09 08:43:37 INFO  http: cache hit
2026-10-09 08:50:50 INFO  scheduler: cache hit
2026-10-09 08:57:03 INFO  beta: cache hit
2026-10-09 08:04:16 INFO  acme-cache: parsed batch
2026-10-09 08:11:29 INFO  beta: heartbeat
2026-10-09 08:18:42 INFO  acme-cache: parsed batch
2026-10-09 08:25:55 INFO  scheduler: fetch ok
2026-10-09 08:32:08 INFO  acme-cache: cache hit
2026-10-09 08:39:21 INFO  scheduler: cache hit
2026-10-09 08:46:34 INFO  scheduler: parsed batch
2026-10-09 08:53:47 INFO  acme-cache: fetch ok
2026-10-09 08:00:00 INFO  beta: heartbeat
2026-10-09 08:07:13 INFO  scheduler: heartbeat
2026-10-09 08:14:26 INFO  scheduler: connection reused
2026-10-09 08:21:39 INFO  beta: cache hit
2026-10-09 08:28:52 INFO  beta: retry scheduled
2026-10-09 08:35:05 INFO  acme-cache: heartbeat
2026-10-09 08:42:18 INFO  scheduler: connection reused
2026-10-09 08:49:31 INFO  http: connection reused
2026-10-09 08:56:44 INFO  scheduler: fetch ok
2026-10-09 08:03:57 INFO  acme-cache: parsed batch
2026-10-09 08:10:10 INFO  acme-cache: connection reused
2026-10-09 08:17:23 INFO  scheduler: heartbeat
2026-10-09 08:24:36 INFO  acme-cache: connection reused
2026-10-09 08:31:49 INFO  beta: cache hit
2026-10-09 08:38:02 INFO  scheduler: fetch ok
2026-10-09 08:45:15 INFO  beta: heartbeat
2026-10-09 08:52:28 INFO  http: cache hit
2026-10-09 08:59:41 INFO  acme-cache: heartbeat
2026-10-09 08:06:54 INFO  acme-cache: cache hit
2026-10-09 08:13:07 INFO  beta: fetch ok
2026-10-09 08:20:20 INFO  http: fetch ok
2026-10-09 08:27:33 INFO  http: connection reused
2026-10-09 08:34:46 INFO  scheduler: connection reused
2026-10-09 08:41:59 INFO  beta: cache hit
2026-10-09 08:48:12 INFO  beta: connection reused
2026-10-09 08:55:25 INFO  beta: connection reused
2026-10-09 08:02:38 INFO  beta: parsed batch
2026-10-09 08:09:51 INFO  scheduler: connection reused
2026-10-09 08:16:04 INFO  acme-cache: parsed batch
2026-10-09 08:23:17 INFO  scheduler: parsed batch
2026-10-09 08:30:30 INFO  acme-cache: cache hit
2026-10-09 08:37:43 INFO  beta: connection reused
2026-10-09 08:44:56 INFO  beta: heartbeat
2026-10-09 08:51:09 INFO  http: parsed batch
2026-10-09 08:58:22 INFO  acme-cache: retry scheduled
2026-10-09 08:05:35 INFO  beta: cache hit
2026-10-09 08:12:48 INFO  beta: parsed batch
2026-10-09 08:19:01 INFO  beta: heartbeat
2026-10-09 08:26:14 INFO  beta: heartbeat
2026-10-09 08:33:27 INFO  beta: heartbeat
2026-10-09 08:40:40 INFO  scheduler: parsed batch
2026-10-09 08:47:53 INFO  beta: heartbeat
2026-10-09 08:54:06 INFO  acme-cache: connection reused
2026-10-09 08:01:19 INFO  beta: retry scheduled
2026-10-09 08:08:32 INFO  beta: connection reused
2026-10-09 08:15:45 INFO  beta: heartbeat
2026-10-09 08:22:58 INFO  beta: cache hit
2026-10-09 08:29:11 INFO  beta: connection reused
2026-10-09 08:36:24 INFO  scheduler: cache hit
2026-10-09 08:43:37 INFO  beta: connection reused
2026-10-09 08:50:50 INFO  scheduler: heartbeat
2026-10-09 08:57:03 INFO  acme-cache: connection reused
2026-10-09 08:04:16 INFO  beta: heartbeat
2026-10-09 08:11:29 INFO  http: heartbeat
2026-10-09 08:18:42 INFO  acme-cache: heartbeat
2026-10-09 08:25:55 INFO  beta: retry scheduled
2026-10-09 08:32:08 INFO  acme-cache: fetch ok
2026-10-09 08:39:21 INFO  acme-cache: connection reused
2026-10-09 08:46:34 INFO  http: fetch ok
2026-10-09 08:53:47 INFO  acme-cache: fetch ok
2026-10-09 08:00:00 INFO  http: fetch ok
2026-10-09 08:07:13 INFO  beta: cache hit
2026-10-09 08:14:26 INFO  beta: fetch ok
2026-10-09 08:21:39 INFO  scheduler: connection reused
2026-10-09 08:28:52 INFO  beta: parsed batch
2026-10-09 08:35:05 INFO  acme-cache: heartbeat
2026-10-09 08:42:18 INFO  beta: parsed batch
2026-10-09 08:49:31 INFO  http: heartbeat
2026-10-09 08:56:44 INFO  http: fetch ok
2026-10-09 08:03:57 INFO  beta: heartbeat
2026-10-09 08:10:10 INFO  scheduler: fetch ok
2026-10-09 08:17:23 INFO  scheduler: retry scheduled
2026-10-09 08:24:36 INFO  acme-cache: connection reused
2026-10-09 08:31:49 INFO  acme-cache: cache hit
2026-10-09 08:38:02 INFO  http: heartbeat
2026-10-09 08:45:15 INFO  beta: retry scheduled
2026-10-09 08:52:28 INFO  http: retry scheduled
2026-10-09 08:59:41 INFO  acme-cache: heartbeat
2026-10-09 08:06:54 INFO  http: connection reused
2026-10-09 08:13:07 INFO  beta: retry scheduled
2026-10-09 08:20:20 INFO  beta: fetch ok
2026-10-09 08:27:33 INFO  http: cache hit
2026-10-09 08:34:46 INFO  scheduler: cache hit
2026-10-09 08:41:59 INFO  beta: connection reused
2026-10-09 08:48:12 INFO  acme-cache: connection reused
2026-10-09 08:55:25 INFO  beta: heartbeat
2026-10-09 08:02:38 INFO  beta: parsed batch
2026-10-09 08:09:51 INFO  scheduler: heartbeat
2026-10-09 08:16:04 INFO  http: parsed batch
2026-10-09 08:23:17 INFO  beta: connection reused
2026-10-09 08:30:30 INFO  beta: cache hit
2026-10-09 08:37:43 INFO  http: cache hit
2026-10-09 08:44:56 INFO  acme-cache: fetch ok
2026-10-09 08:51:09 INFO  scheduler: heartbeat
2026-10-09 08:58:22 INFO  beta: parsed batch
2026-10-09 08:05:35 INFO  scheduler: connection reused
2026-10-09 08:12:48 INFO  http: parsed batch
2026-10-09 08:19:01 INFO  beta: cache hit
2026-10-09 08:26:14 INFO  http: retry scheduled
2026-10-09 08:33:27 INFO  beta: parsed batch
2026-10-09 08:40:40 INFO  beta: cache hit
2026-10-09 08:47:53 INFO  beta: fetch ok
2026-10-09 08:54:06 INFO  http: fetch ok
2026-10-09 08:01:19 INFO  scheduler: retry scheduled
2026-10-09 08:08:32 INFO  beta: cache hit
2026-10-09 08:15:45 INFO  beta: heartbeat
2026-10-09 08:22:58 INFO  acme-cache: connection reused
2026-10-09 08:29:11 INFO  beta: connection reused
2026-10-09 08:36:24 INFO  http: connection reused
2026-10-09 08:43:37 INFO  beta: fetch ok
2026-10-09 08:50:50 INFO  acme-cache: retry scheduled
2026-10-09 08:57:03 INFO  scheduler: fetch ok
2026-10-09 08:04:16 INFO  http: cache hit
2026-10-09 08:11:29 INFO  http: cache hit
2026-10-09 08:18:42 INFO  beta: heartbeat
2026-10-09 08:25:55 INFO  acme-cache: cache hit
2026-10-09 08:32:08 INFO  acme-cache: fetch ok
2026-10-09 08:39:21 INFO  beta: connection reused
2026-10-09 08:46:34 INFO  beta: connection reused
2026-10-09 08:53:47 INFO  acme-cache: parsed batch
2026-10-09 08:00:00 INFO  beta: connection reused
2026-10-09 08:07:13 INFO  scheduler: fetch ok
2026-10-09 08:14:26 INFO  acme-cache: fetch ok
2026-10-09 08:21:39 INFO  beta: cache hit
2026-10-09 08:28:52 INFO  scheduler: parsed batch
2026-10-09 08:35:05 INFO  beta: cache hit
2026-10-09 08:42:18 INFO  acme-cache: parsed batch
2026-10-09 08:49:31 INFO  beta: fetch ok
2026-10-09 08:56:44 INFO  http: heartbeat
2026-10-09 08:03:57 INFO  acme-cache: heartbeat
2026-10-09 08:10:10 INFO  scheduler: retry scheduled
2026-10-09 08:17:23 INFO  acme-cache: cache hit
2026-10-09 08:24:36 INFO  beta: retry scheduled
2026-10-09 08:31:49 INFO  acme-cache: heartbeat
2026-10-09 08:38:02 INFO  scheduler: connection reused
2026-10-09 08:45:15 INFO  scheduler: retry scheduled
2026-10-09 08:52:28 INFO  scheduler: retry scheduled
2026-10-09 08:59:41 INFO  beta: fetch ok
2026-10-09 08:06:54 INFO  beta: retry scheduled
2026-10-09 08:13:07 INFO  http: heartbeat
2026-10-09 08:20:20 INFO  scheduler: fetch ok
2026-10-09 08:27:33 INFO  beta: fetch ok
2026-10-09 08:34:46 INFO  scheduler: fetch ok
2026-10-09 08:41:59 INFO  beta: heartbeat
2026-10-09 08:48:12 INFO  http: fetch ok
2026-10-09 08:55:25 INFO  acme-cache: cache hit
2026-10-09 08:02:38 INFO  http: heartbeat
2026-10-09 08:09:51 INFO  scheduler: parsed batch
2026-10-09 08:16:04 INFO  beta: fetch ok
2026-10-09 08:23:17 INFO  beta: retry scheduled
2026-10-09 08:30:30 INFO  acme-cache: parsed batch
2026-10-09 08:37:43 INFO  beta: fetch ok
2026-10-09 08:44:56 INFO  http: retry scheduled
2026-10-09 08:51:09 INFO  beta: parsed batch
2026-10-09 08:58:22 INFO  scheduler: heartbeat
2026-10-09 08:05:35 INFO  http: connection reused
2026-10-09 08:12:48 INFO  scheduler: fetch ok
2026-10-09 08:19:01 INFO  http: connection reused
2026-10-09 08:26:14 INFO  beta: parsed batch
2026-10-09 08:33:27 INFO  beta: parsed batch
2026-10-09 08:40:40 INFO  beta: connection reused
2026-10-09 08:47:53 INFO  scheduler: connection reused
2026-10-09 08:54:06 INFO  scheduler: heartbeat
2026-10-09 08:01:19 INFO  beta: fetch ok
2026-10-09 08:08:32 INFO  scheduler: heartbeat
2026-10-09 08:15:45 INFO  scheduler: fetch ok
2026-10-09 08:22:58 INFO  beta: retry scheduled
2026-10-09 08:29:11 INFO  beta: parsed batch
2026-10-09 08:36:24 INFO  http: connection reused
2026-10-09 08:43:37 INFO  beta: connection reused
2026-10-09 08:50:50 INFO  beta: retry scheduled
2026-10-09 08:57:03 INFO  beta: retry scheduled
2026-10-09 08:04:16 INFO  beta: fetch ok
2026-10-09 08:11:29 INFO  scheduler: fetch ok
2026-10-09 08:18:42 INFO  scheduler: retry scheduled
2026-10-09 08:25:55 INFO  beta: connection reused
2026-10-09 08:32:08 INFO  beta: heartbeat
2026-10-09 08:39:21 INFO  http: parsed batch
2026-10-09 08:46:34 INFO  acme-cache: fetch ok
2026-10-09 08:53:47 INFO  beta: parsed batch
2026-10-09 08:00:00 INFO  beta: parsed batch
2026-10-09 08:07:13 INFO  beta: connection reused
2026-10-09 08:14:26 INFO  beta: retry scheduled
2026-10-09 08:21:39 INFO  beta: heartbeat
2026-10-09 08:28:52 INFO  beta: heartbeat
2026-10-09 08:35:05 INFO  http: cache hit
2026-10-09 08:42:18 INFO  beta: heartbeat
2026-10-09 08:49:31 INFO  scheduler: fetch ok
2026-10-09 08:56:44 INFO  beta: fetch ok
2026-10-09 08:03:57 INFO  http: connection reused
2026-10-09 08:10:10 INFO  beta: heartbeat
2026-10-09 08:17:23 INFO  http: heartbeat
2026-10-09 08:24:36 INFO  http: heartbeat
2026-10-09 08:31:49 INFO  http: fetch ok
2026-10-09 08:38:02 INFO  beta: connection reused
2026-10-09 08:45:15 INFO  http: heartbeat
2026-10-09 08:52:28 INFO  acme-cache: parsed batch
2026-10-09 08:59:41 INFO  scheduler: connection reused
2026-10-09 08:06:54 INFO  beta: heartbeat
2026-10-09 08:13:07 INFO  beta: fetch ok
2026-10-09 08:20:20 INFO  beta: heartbeat
2026-10-09 08:27:33 INFO  scheduler: retry scheduled
2026-10-09 08:34:46 INFO  beta: connection reused
2026-10-09 08:41:59 INFO  beta: connection reused
2026-10-09 08:48:12 INFO  scheduler: fetch ok
2026-10-09 08:55:25 INFO  http: fetch ok
2026-10-09 08:02:38 INFO  http: heartbeat
2026-10-09 08:09:51 INFO  acme-cache: connection reused
2026-10-09 08:16:04 INFO  beta: fetch ok
2026-10-09 08:23:17 INFO  beta: fetch ok
2026-10-09 08:30:30 INFO  beta: cache hit
2026-10-09 08:37:43 INFO  acme-cache: cache hit
2026-10-09 08:44:56 INFO  acme-cache: cache hit
2026-10-09 08:51:09 INFO  beta: parsed batch
2026-10-09 08:58:22 INFO  http: heartbeat
2026-10-09 08:05:35 INFO  acme-cache: retry scheduled
2026-10-09 08:12:48 INFO  beta: fetch ok
2026-10-09 08:19:01 INFO  beta: fetch ok
2026-10-09 08:26:14 INFO  beta: connection reused
2026-10-09 08:33:27 INFO  http: retry scheduled
2026-10-09 08:40:40 INFO  http: parsed batch
2026-10-09 08:47:53 INFO  scheduler: parsed batch
2026-10-09 08:54:06 INFO  http: heartbeat
2026-10-09 08:01:19 INFO  beta: connection reused
2026-10-09 08:08:32 INFO  beta: fetch ok
2026-10-09 08:15:45 INFO  beta: connection reused
2026-10-09 08:22:58 INFO  beta: connection reused
2026-10-09 08:29:11 INFO  beta: parsed batch
2026-10-09 08:36:24 INFO  beta: retry scheduled
2026-10-09 08:43:37 INFO  http: cache hit
2026-10-09 08:50:50 INFO  scheduler: cache hit
2026-10-09 08:57:03 INFO  beta: cache hit
2026-10-09 08:04:16 INFO  acme-cache: cache hit
2026-10-09 08:11:29 INFO  beta: cache hit
2026-10-09 08:18:42 INFO  scheduler: fetch ok
2026-10-09 08:25:55 INFO  beta: parsed batch
2026-10-09 08:32:08 INFO  beta: connection reused
2026-10-09 08:39:21 INFO  scheduler: heartbeat
2026-10-09 08:46:34 INFO  acme-cache: cache hit
2026-10-09 08:53:47 INFO  beta: fetch ok
2026-10-09 08:00:00 INFO  scheduler: heartbeat
2026-10-09 08:07:13 INFO  beta: cache hit
2026-10-09 08:14:26 INFO  beta: heartbeat
2026-10-09 08:21:39 INFO  acme-cache: cache hit
2026-10-09 08:28:52 INFO  beta: retry scheduled
2026-10-09 08:35:05 INFO  acme-cache: fetch ok
2026-10-09 08:42:18 INFO  http: retry scheduled
2026-10-09 08:49:31 INFO  beta: fetch ok
2026-10-09 08:56:44 INFO  acme-cache: parsed batch
2026-10-09 08:03:57 INFO  acme-cache: cache hit
2026-10-09 08:10:10 INFO  beta: heartbeat
2026-10-09 08:17:23 INFO  beta: parsed batch
2026-10-09 08:24:36 INFO  beta: retry scheduled
2026-10-09 08:31:49 INFO  http: fetch ok
2026-10-09 08:38:02 INFO  http: retry scheduled
2026-10-09 08:45:15 INFO  scheduler: heartbeat
2026-10-09 08:52:28 INFO  beta: connection reused
2026-10-09 08:59:41 INFO  beta: retry scheduled
2026-10-09 08:06:54 INFO  acme-cache: fetch ok
2026-10-09 08:13:07 INFO  acme-cache: parsed batch
2026-10-09 08:20:20 INFO  beta: retry scheduled
2026-10-09 08:27:33 INFO  http: parsed batch
2026-10-09 08:34:46 INFO  http: connection reused
2026-10-09 08:41:59 INFO  beta: connection reused
2026-10-09 08:48:12 INFO  acme-cache: parsed batch
2026-10-09 08:55:25 INFO  beta: cache hit
2026-10-09 08:02:38 INFO  acme-cache: fetch ok
2026-10-09 08:09:51 INFO  beta: connection reused
2026-10-09 08:16:04 INFO  beta: connection reused
2026-10-09 08:23:17 INFO  acme-cache: heartbeat
2026-10-09 08:30:30 INFO  http: retry scheduled
2026-10-09 08:37:43 INFO  beta: heartbeat
2026-10-09 08:44:56 INFO  beta: connection reused
2026-10-09 08:51:09 INFO  scheduler: cache hit
2026-10-09 08:58:22 INFO  beta: fetch ok
2026-10-09 08:05:35 INFO  beta: heartbeat
2026-10-09 08:12:48 INFO  beta: fetch ok
2026-10-09 08:19:01 INFO  acme-cache: fetch ok
2026-10-09 08:26:14 INFO  beta: heartbeat
2026-10-09 08:33:27 INFO  beta: connection reused
2026-10-09 08:40:40 INFO  scheduler: connection reused
2026-10-09 08:47:53 INFO  http: connection reused
2026-10-09 08:54:06 INFO  acme-cache: parsed batch
2026-10-09 08:01:19 INFO  beta: fetch ok
2026-10-09 08:08:32 INFO  acme-cache: cache hit
2026-10-09 08:15:45 INFO  scheduler: parsed batch
2026-10-09 08:22:58 INFO  beta: parsed batch
2026-10-09 08:29:11 INFO  beta: parsed batch
2026-10-09 08:36:24 INFO  acme-cache: cache hit
2026-10-09 08:43:37 INFO  beta: fetch ok
2026-10-09 08:50:50 INFO  scheduler: retry scheduled
2026-10-09 08:57:03 INFO  beta: retry scheduled
2026-10-09 08:04:16 INFO  acme-cache: connection reused
2026-10-09 08:11:29 INFO  acme-cache: cache hit
2026-10-09 08:18:42 INFO  http: fetch ok
2026-10-09 08:25:55 INFO  beta: fetch ok
2026-10-09 08:32:08 INFO  beta: retry scheduled
2026-10-09 08:39:21 INFO  http: cache hit
2026-10-09 08:46:34 INFO  acme-cache: retry scheduled
2026-10-09 08:53:47 INFO  beta: retry scheduled
2026-10-09 08:00:00 INFO  scheduler: fetch ok
2026-10-09 08:07:13 INFO  beta: parsed batch
2026-10-09 08:14:26 INFO  acme-cache: connection reused
2026-10-09 08:21:39 INFO  beta: heartbeat
2026-10-09 08:28:52 INFO  http: retry scheduled
2026-10-09 08:35:05 INFO  beta: fetch ok
2026-10-09 08:42:18 INFO  acme-cache: fetch ok
2026-10-09 08:49:31 INFO  acme-cache: retry scheduled
2026-10-09 08:56:44 INFO  acme-cache: cache hit
2026-10-09 08:03:57 INFO  http: connection reused
2026-10-09 08:10:10 INFO  beta: retry scheduled
2026-10-09 08:17:23 INFO  acme-cache: connection reused
2026-10-09 08:24:36 INFO  acme-cache: cache hit
2026-10-09 08:31:49 INFO  acme-cache: retry scheduled
2026-10-09 08:38:02 INFO  http: connection reused
2026-10-09 08:45:15 INFO  beta: retry scheduled
2026-10-09 08:52:28 INFO  beta: cache hit
2026-10-09 08:59:41 INFO  scheduler: fetch ok
2026-10-09 08:06:54 INFO  beta: connection reused
2026-10-09 08:13:07 INFO  beta: retry scheduled
2026-10-09 08:20:20 INFO  scheduler: cache hit
2026-10-09 08:27:33 INFO  beta: connection reused
2026-10-09 08:34:46 INFO  scheduler: cache hit
2026-10-09 08:41:59 INFO  beta: fetch ok
2026-10-09 08:48:12 INFO  beta: connection reused
2026-10-09 08:55:25 INFO  scheduler: cache hit
2026-10-09 08:02:38 INFO  beta: cache hit
2026-10-09 08:09:51 INFO  beta: parsed batch
2026-10-09 08:16:04 INFO  scheduler: parsed batch
2026-10-09 08:23:17 INFO  beta: fetch ok
2026-10-09 08:30:30 INFO  scheduler: heartbeat
2026-10-09 08:37:43 INFO  scheduler: fetch ok
2026-10-09 08:44:56 INFO  scheduler: fetch ok
2026-10-09 08:51:09 INFO  scheduler: parsed batch
2026-10-09 08:58:22 INFO  beta: retry scheduled
2026-10-09 08:05:35 INFO  scheduler: parsed batch
2026-10-09 08:12:48 INFO  beta: fetch ok
2026-10-09 08:19:01 INFO  beta: fetch ok
2026-10-09 08:26:14 INFO  acme-cache: cache hit
2026-10-09 08:33:27 INFO  scheduler: parsed batch
2026-10-09 09:40:40 INFO  beta: cache hit
2026-10-09 09:47:53 INFO  http: fetch ok
2026-10-09 09:54:06 INFO  beta: heartbeat
2026-10-09 09:01:19 INFO  beta: parsed batch
2026-10-09 09:08:32 INFO  beta: heartbeat
2026-10-09 09:15:45 INFO  http: parsed batch
2026-10-09 09:22:58 INFO  beta: fetch ok
2026-10-09 09:29:11 INFO  scheduler: heartbeat
2026-10-09 09:36:24 INFO  beta: retry scheduled
2026-10-09 09:43:37 INFO  http: retry scheduled
2026-10-09 09:50:50 INFO  http: cache hit
2026-10-09 09:57:03 INFO  beta: fetch ok
2026-10-09 09:04:16 INFO  beta: parsed batch
2026-10-09 09:11:29 INFO  acme-cache: parsed batch
2026-10-09 09:18:42 INFO  scheduler: connection reused
2026-10-09 09:25:55 INFO  beta: fetch ok
2026-10-09 09:32:08 INFO  scheduler: connection reused
2026-10-09 09:39:21 INFO  acme-cache: fetch ok
2026-10-09 09:46:34 INFO  beta: cache hit
2026-10-09 09:53:47 INFO  acme-cache: fetch ok
2026-10-09 09:00:00 INFO  beta: connection reused
2026-10-09 09:07:13 INFO  scheduler: parsed batch
2026-10-09 09:14:26 INFO  acme-cache: retry scheduled
2026-10-09 09:21:39 INFO  http: fetch ok
2026-10-09 09:28:52 INFO  http: fetch ok
2026-10-09 09:35:05 INFO  scheduler: connection reused
2026-10-09 09:42:18 INFO  beta: heartbeat
2026-10-09 09:49:31 INFO  beta: parsed batch
2026-10-09 09:56:44 INFO  http: retry scheduled
2026-10-09 09:03:57 INFO  acme-cache: retry scheduled
2026-10-09 09:10:10 INFO  scheduler: cache hit
2026-10-09 09:17:23 INFO  beta: cache hit
2026-10-09 09:24:36 INFO  beta: connection reused
2026-10-09 09:31:49 INFO  beta: fetch ok
2026-10-09 09:38:02 INFO  http: parsed batch
2026-10-09 09:45:15 INFO  beta: parsed batch
2026-10-09 09:52:28 INFO  beta: fetch ok
2026-10-09 09:59:41 INFO  acme-cache: parsed batch
2026-10-09 09:06:54 INFO  beta: retry scheduled
2026-10-09 09:13:07 INFO  acme-cache: connection reused
2026-10-09 09:20:20 INFO  acme-cache: heartbeat
2026-10-09 09:27:33 INFO  beta: fetch ok
2026-10-09 09:34:46 INFO  scheduler: fetch ok
2026-10-09 09:41:59 INFO  beta: fetch ok
2026-10-09 09:48:12 INFO  acme-cache: parsed batch
2026-10-09 09:55:25 INFO  beta: fetch ok
2026-10-09 09:02:38 INFO  scheduler: cache hit
2026-10-09 09:09:51 INFO  http: connection reused
2026-10-09 09:16:04 INFO  scheduler: connection reused
2026-10-09 09:23:17 INFO  beta: heartbeat
2026-10-09 09:30:30 INFO  beta: retry scheduled
2026-10-09 09:37:43 INFO  scheduler: retry scheduled
2026-10-09 09:44:56 INFO  acme-cache: parsed batch
2026-10-09 09:51:09 INFO  acme-cache: retry scheduled
2026-10-09 09:58:22 INFO  acme-cache: fetch ok
2026-10-09 09:05:35 INFO  scheduler: retry scheduled
2026-10-09 09:12:48 INFO  acme-cache: parsed batch
2026-10-09 09:19:01 INFO  beta: heartbeat
2026-10-09 09:26:14 INFO  acme-cache: retry scheduled
2026-10-09 09:33:27 INFO  beta: fetch ok
2026-10-09 09:40:40 INFO  beta: heartbeat
2026-10-09 09:47:53 INFO  acme-cache: heartbeat
2026-10-09 09:54:06 INFO  scheduler: parsed batch
2026-10-09 09:01:19 INFO  http: heartbeat
2026-10-09 09:08:32 INFO  scheduler: retry scheduled
2026-10-09 09:15:45 INFO  acme-cache: retry scheduled
2026-10-09 09:22:58 INFO  http: fetch ok
2026-10-09 09:29:11 INFO  acme-cache: parsed batch
2026-10-09 09:36:24 INFO  beta: retry scheduled
2026-10-09 09:43:37 INFO  http: retry scheduled
2026-10-09 09:50:50 INFO  http: cache hit
2026-10-09 09:57:03 INFO  beta: retry scheduled
2026-10-09 09:04:16 INFO  beta: parsed batch
2026-10-09 09:11:29 INFO  beta: fetch ok
2026-10-09 09:18:42 INFO  http: parsed batch
2026-10-09 09:25:55 INFO  scheduler: cache hit
2026-10-09 09:32:08 INFO  http: connection reused
2026-10-09 09:39:21 INFO  beta: retry scheduled
2026-10-09 09:46:34 INFO  acme-cache: connection reused
2026-10-09 09:53:47 INFO  scheduler: fetch ok
2026-10-09 09:00:00 INFO  beta: parsed batch
2026-10-09 09:07:13 INFO  beta: fetch ok
2026-10-09 09:14:26 INFO  acme-cache: fetch ok
2026-10-09 09:21:39 INFO  acme-cache: retry scheduled
2026-10-09 09:28:52 INFO  beta: parsed batch
2026-10-09 09:35:05 INFO  beta: heartbeat
2026-10-09 09:42:18 INFO  scheduler: cache hit
2026-10-09 09:49:31 INFO  http: heartbeat
2026-10-09 09:56:44 INFO  beta: parsed batch
2026-10-09 09:03:57 INFO  beta: parsed batch
2026-10-09 09:10:10 INFO  http: heartbeat
2026-10-09 09:17:23 INFO  acme-cache: heartbeat
2026-10-09 09:24:36 INFO  http: retry scheduled
2026-10-09 09:31:49 INFO  scheduler: fetch ok
2026-10-09 09:38:02 INFO  http: cache hit
2026-10-09 09:45:15 INFO  http: parsed batch
2026-10-09 09:52:28 INFO  beta: connection reused
2026-10-09 09:59:41 INFO  acme-cache: connection reused
2026-10-09 09:06:54 INFO  beta: parsed batch
2026-10-09 09:13:07 INFO  acme-cache: heartbeat
2026-10-09 09:20:20 INFO  acme-cache: connection reused
2026-10-09 09:27:33 INFO  beta: connection reused
2026-10-09 09:34:46 INFO  beta: heartbeat
2026-10-09 09:41:59 INFO  scheduler: retry scheduled
2026-10-09 09:48:12 INFO  acme-cache: fetch ok
2026-10-09 09:55:25 INFO  scheduler: parsed batch
2026-10-09 09:02:38 INFO  acme-cache: connection reused
2026-10-09 09:09:51 INFO  beta: parsed batch
2026-10-09 09:16:04 INFO  acme-cache: retry scheduled
2026-10-09 09:23:17 INFO  scheduler: fetch ok
2026-10-09 09:30:30 INFO  beta: heartbeat
2026-10-09 09:37:43 INFO  scheduler: parsed batch
2026-10-09 09:44:56 INFO  beta: connection reused
2026-10-09 09:51:09 INFO  beta: cache hit
2026-10-09 09:58:22 INFO  acme-cache: parsed batch
2026-10-09 09:05:35 INFO  scheduler: cache hit
2026-10-09 09:12:48 INFO  beta: retry scheduled
2026-10-09 09:19:01 INFO  beta: cache hit
2026-10-09 09:26:14 INFO  beta: fetch ok
2026-10-09 09:33:27 INFO  http: retry scheduled
2026-10-09 09:40:40 INFO  scheduler: heartbeat
2026-10-09 09:47:53 INFO  scheduler: connection reused
2026-10-09 09:54:06 INFO  beta: parsed batch
2026-10-09 09:01:19 INFO  http: parsed batch
2026-10-09 09:08:32 INFO  acme-cache: heartbeat
2026-10-09 09:15:45 INFO  http: cache hit
2026-10-09 09:22:58 INFO  acme-cache: connection reused
2026-10-09 09:29:11 INFO  scheduler: cache hit
2026-10-09 09:36:24 INFO  beta: parsed batch
2026-10-09 09:43:37 INFO  beta: connection reused
2026-10-09 09:50:50 INFO  beta: parsed batch
2026-10-09 09:57:03 INFO  acme-cache: fetch ok
2026-10-09 09:04:16 INFO  acme-cache: heartbeat
2026-10-09 09:11:29 INFO  beta: connection reused
2026-10-09 09:18:42 INFO  beta: connection reused
2026-10-09 09:25:55 INFO  http: retry scheduled
2026-10-09 09:32:08 INFO  acme-cache: cache hit
2026-10-09 09:39:21 INFO  acme-cache: retry scheduled
2026-10-09 09:46:34 INFO  beta: heartbeat
2026-10-09 09:53:47 INFO  scheduler: connection reused
2026-10-09 09:00:00 INFO  http: fetch ok
2026-10-09 09:07:13 INFO  beta: fetch ok
2026-10-09 09:14:26 INFO  http: heartbeat
2026-10-09 09:21:39 INFO  scheduler: connection reused
2026-10-09 09:28:52 INFO  http: cache hit
2026-10-09 09:35:05 INFO  beta: fetch ok
2026-10-09 09:42:18 INFO  beta: retry scheduled
2026-10-09 09:49:31 INFO  beta: connection reused
2026-10-09 09:56:44 INFO  beta: fetch ok
2026-10-09 09:03:57 INFO  beta: retry scheduled
2026-10-09 09:10:10 INFO  beta: cache hit
2026-10-09 09:17:23 INFO  beta: fetch ok
2026-10-09 09:24:36 INFO  beta: fetch ok
2026-10-09 09:31:49 INFO  beta: fetch ok
2026-10-09 09:38:02 INFO  beta: retry scheduled
2026-10-09 09:45:15 INFO  scheduler: cache hit
2026-10-09 09:52:28 INFO  beta: heartbeat
2026-10-09 09:59:41 INFO  acme-cache: cache hit
2026-10-09 09:06:54 INFO  acme-cache: parsed batch
2026-10-09 09:13:07 INFO  scheduler: cache hit
2026-10-09 09:20:20 INFO  acme-cache: fetch ok
2026-10-09 09:27:33 INFO  beta: cache hit
2026-10-09 09:34:46 INFO  beta: cache hit
2026-10-09 09:41:59 INFO  beta: fetch ok
2026-10-09 09:48:12 INFO  http: fetch ok
2026-10-09 09:55:25 INFO  acme-cache: retry scheduled
2026-10-09 09:02:38 INFO  acme-cache: cache hit
2026-10-09 09:09:51 INFO  http: parsed batch
2026-10-09 09:16:04 INFO  beta: retry scheduled
2026-10-09 09:23:17 INFO  http: heartbeat
2026-10-09 09:30:30 INFO  beta: retry scheduled
2026-10-09 09:37:43 INFO  scheduler: parsed batch
2026-10-09 09:44:56 INFO  acme-cache: connection reused
2026-10-09 09:51:09 INFO  beta: retry scheduled
2026-10-09 09:58:22 INFO  acme-cache: fetch ok
2026-10-09 09:05:35 INFO  scheduler: fetch ok
2026-10-09 09:12:48 INFO  beta: heartbeat
2026-10-09 09:19:01 INFO  beta: retry scheduled
2026-10-09 09:26:14 INFO  scheduler: parsed batch
2026-10-09 09:33:27 INFO  beta: heartbeat
2026-10-09 09:40:40 INFO  beta: connection reused
2026-10-09 09:47:53 INFO  scheduler: heartbeat
2026-10-09 09:54:06 INFO  scheduler: retry scheduled
2026-10-09 09:01:19 INFO  beta: retry scheduled
2026-10-09 09:08:32 INFO  http: retry scheduled
2026-10-09 09:15:45 INFO  beta: connection reused
2026-10-09 09:22:58 INFO  scheduler: retry scheduled
2026-10-09 09:29:11 INFO  acme-cache: heartbeat
2026-10-09 09:36:24 INFO  scheduler: heartbeat
2026-10-09 09:43:37 INFO  http: cache hit
2026-10-09 09:50:50 INFO  beta: fetch ok
2026-10-09 09:57:03 INFO  beta: connection reused
2026-10-09 09:04:16 INFO  beta: retry scheduled
2026-10-09 09:11:29 INFO  http: cache hit
2026-10-09 09:18:42 INFO  beta: connection reused
2026-10-09 09:25:55 INFO  scheduler: heartbeat
2026-10-09 09:32:08 INFO  beta: retry scheduled
2026-10-09 09:39:21 INFO  beta: cache hit
2026-10-09 09:46:34 INFO  acme-cache: retry scheduled
2026-10-09 09:53:47 INFO  beta: fetch ok
2026-10-09 09:00:00 INFO  beta: parsed batch
2026-10-09 09:07:13 INFO  acme-cache: connection reused
2026-10-09 09:14:26 INFO  acme-cache: parsed batch
2026-10-09 09:21:39 INFO  acme-cache: heartbeat
2026-10-09 09:28:52 INFO  acme-cache: fetch ok
2026-10-09 09:35:05 INFO  http: cache hit
2026-10-09 09:42:18 INFO  beta: cache hit
2026-10-09 09:49:31 INFO  beta: cache hit
2026-10-09 09:56:44 INFO  http: retry scheduled
2026-10-09 09:03:57 INFO  beta: retry scheduled
2026-10-09 09:10:10 INFO  beta: parsed batch
2026-10-09 09:17:23 INFO  beta: retry scheduled
2026-10-09 09:24:36 INFO  acme-cache: fetch ok
2026-10-09 09:31:49 INFO  http: connection reused
2026-10-09 09:38:02 INFO  http: cache hit
2026-10-09 09:45:15 INFO  scheduler: heartbeat
2026-10-09 09:52:28 INFO  acme-cache: fetch ok
2026-10-09 09:59:41 INFO  beta: connection reused
2026-10-09 09:06:54 INFO  beta: heartbeat
2026-10-09 09:13:07 INFO  scheduler: parsed batch
2026-10-09 09:20:20 INFO  scheduler: fetch ok
2026-10-09 09:27:33 INFO  acme-cache: connection reused
2026-10-09 09:34:46 INFO  http: retry scheduled
2026-10-09 09:41:59 INFO  scheduler: cache hit
2026-10-09 09:48:12 INFO  scheduler: connection reused
2026-10-09 09:55:25 INFO  scheduler: connection reused
2026-10-09 09:02:38 INFO  acme-cache: heartbeat
2026-10-09 09:09:51 INFO  scheduler: connection reused
2026-10-09 09:16:04 INFO  acme-cache: heartbeat
2026-10-09 09:23:17 INFO  beta: fetch ok
2026-10-09 09:30:30 INFO  scheduler: fetch ok
2026-10-09 09:37:43 INFO  acme-cache: retry scheduled
2026-10-09 09:44:56 INFO  beta: heartbeat
2026-10-09 09:51:09 INFO  beta: fetch ok
2026-10-09 09:58:22 INFO  scheduler: connection reused
2026-10-09 09:05:35 INFO  http: fetch ok
2026-10-09 09:12:48 INFO  acme-cache: connection reused
2026-10-09 09:19:01 INFO  beta: connection reused
2026-10-09 09:26:14 INFO  acme-cache: parsed batch
2026-10-09 09:33:27 INFO  http: fetch ok
2026-10-09 09:40:40 INFO  beta: parsed batch
2026-10-09 09:47:53 INFO  beta: connection reused
2026-10-09 09:54:06 INFO  beta: fetch ok
2026-10-09 09:01:19 INFO  acme-cache: connection reused
2026-10-09 09:08:32 INFO  beta: heartbeat
2026-10-09 09:15:45 INFO  beta: connection reused
2026-10-09 09:22:58 INFO  beta: cache hit
2026-10-09 09:29:11 INFO  beta: heartbeat
2026-10-09 09:36:24 INFO  http: parsed batch
2026-10-09 09:43:37 INFO  beta: retry scheduled
2026-10-09 09:50:50 INFO  beta: parsed batch
2026-10-09 09:57:03 INFO  scheduler: connection reused
2026-10-09 09:04:16 INFO  acme-cache: cache hit
2026-10-09 09:11:29 INFO  beta: retry scheduled
2026-10-09 09:18:42 INFO  scheduler: heartbeat
2026-10-09 09:25:55 INFO  beta: fetch ok
2026-10-09 09:32:08 INFO  acme-cache: connection reused
2026-10-09 09:39:21 INFO  scheduler: parsed batch
2026-10-09 09:46:34 INFO  beta: retry scheduled
2026-10-09 09:53:47 INFO  http: cache hit
2026-10-09 09:00:00 INFO  scheduler: parsed batch
2026-10-09 09:07:13 INFO  beta: connection reused
2026-10-09 09:14:26 INFO  beta: connection reused
2026-10-09 09:21:39 INFO  beta: parsed batch
2026-10-09 09:28:52 INFO  beta: heartbeat
2026-10-09 09:35:05 INFO  acme-cache: retry scheduled
2026-10-09 09:42:18 INFO  beta: cache hit
2026-10-09 09:49:31 INFO  http: parsed batch
2026-10-09 09:56:44 INFO  beta: heartbeat
2026-10-09 09:03:57 INFO  acme-cache: cache hit
2026-10-09 09:10:10 INFO  beta: connection reused
2026-10-09 09:17:23 INFO  acme-cache: connection reused
2026-10-09 09:24:36 INFO  beta: connection reused
2026-10-09 09:31:49 INFO  scheduler: fetch ok
2026-10-09 09:38:02 INFO  beta: retry scheduled
2026-10-09 09:45:15 INFO  http: cache hit
2026-10-09 09:52:28 INFO  beta: cache hit
2026-10-09 09:59:41 INFO  http: fetch ok
2026-10-09 09:06:54 INFO  beta: cache hit
2026-10-09 09:13:07 INFO  beta: cache hit
2026-10-09 09:20:20 INFO  acme-cache: cache hit
2026-10-09 09:27:33 INFO  acme-cache: cache hit
2026-10-09 09:34:46 INFO  http: cache hit
2026-10-09 09:41:59 INFO  scheduler: parsed batch
2026-10-09 09:48:12 INFO  acme-cache: fetch ok
2026-10-09 09:55:25 INFO  beta: fetch ok
2026-10-09 09:02:38 INFO  scheduler: connection reused
2026-10-09 09:09:51 INFO  http: retry scheduled
2026-10-09 09:16:04 INFO  beta: connection reused
2026-10-09 09:23:17 INFO  beta: retry scheduled
2026-10-09 09:30:30 INFO  acme-cache: cache hit
2026-10-09 09:37:43 INFO  http: connection reused
2026-10-09 09:44:56 INFO  acme-cache: parsed batch
2026-10-09 09:51:09 INFO  scheduler: cache hit
2026-10-09 09:58:22 INFO  beta: retry scheduled
2026-10-09 09:05:35 INFO  http: connection reused
2026-10-09 09:12:48 INFO  acme-cache: connection reused
2026-10-09 09:19:01 INFO  beta: cache hit
2026-10-09 09:26:14 INFO  beta: cache hit
2026-10-09 09:33:27 INFO  beta: connection reused
2026-10-09 09:40:40 INFO  http: connection reused
2026-10-09 09:47:53 INFO  beta: heartbeat
2026-10-09 09:54:06 INFO  scheduler: cache hit
2026-10-09 09:01:19 INFO  scheduler: parsed batch
2026-10-09 09:08:32 INFO  beta: connection reused
2026-10-09 09:15:45 INFO  acme-cache: cache hit
2026-10-09 09:22:58 INFO  beta: fetch ok
2026-10-09 09:29:11 INFO  beta: fetch ok
2026-10-09 09:36:24 INFO  acme-cache: fetch ok
2026-10-09 09:43:37 INFO  beta: retry scheduled
2026-10-09 09:50:50 INFO  acme-cache: fetch ok
2026-10-09 09:57:03 INFO  http: fetch ok
2026-10-09 09:04:16 INFO  scheduler: connection reused
2026-10-09 09:11:29 INFO  beta: retry scheduled
2026-10-09 09:18:42 INFO  scheduler: connection reused
2026-10-09 09:25:55 INFO  scheduler: cache hit
2026-10-09 09:32:08 INFO  scheduler: parsed batch
2026-10-09 09:39:21 INFO  acme-cache: connection reused
2026-10-09 09:46:34 INFO  http: parsed batch
2026-10-09 09:53:47 INFO  acme-cache: cache hit
2026-10-09 03:14:07 INFO  acme: GET https://api.acme.example/v2/jobs -> 200 (api_version=2)
2026-10-09 03:14:07 INFO  acme: parsed 0 jobs
2026-10-09 03:14:07 INFO  acme: done
2026-10-09 09:00:00 INFO  acme-cache: connection reused
2026-10-09 09:07:13 INFO  acme-cache: heartbeat
2026-10-09 09:14:26 INFO  beta: heartbeat
2026-10-09 09:21:39 INFO  http: heartbeat
2026-10-09 09:28:52 INFO  beta: parsed batch
2026-10-09 09:35:05 INFO  scheduler: parsed batch
2026-10-09 09:42:18 INFO  beta: connection reused
2026-10-09 09:49:31 INFO  beta: retry scheduled
2026-10-09 09:56:44 INFO  beta: cache hit
2026-10-09 09:03:57 INFO  http: cache hit
2026-10-09 09:10:10 INFO  beta: connection reused
2026-10-09 09:17:23 INFO  http: fetch ok
2026-10-09 09:24:36 INFO  scheduler: heartbeat
2026-10-09 09:31:49 INFO  http: parsed batch
2026-10-09 09:38:02 INFO  beta: connection reused
2026-10-09 09:45:15 INFO  beta: parsed batch
2026-10-09 09:52:28 INFO  beta: retry scheduled
2026-10-09 09:59:41 INFO  http: cache hit
2026-10-09 09:06:54 INFO  http: connection reused
2026-10-09 09:13:07 INFO  acme-cache: fetch ok
2026-10-09 09:20:20 INFO  beta: connection reused
2026-10-09 09:27:33 INFO  http: fetch ok
2026-10-09 09:34:46 INFO  beta: cache hit
2026-10-09 09:41:59 INFO  scheduler: retry scheduled
2026-10-09 09:48:12 INFO  scheduler: connection reused
2026-10-09 09:55:25 INFO  beta: parsed batch
2026-10-09 09:02:38 INFO  beta: cache hit
2026-10-09 09:09:51 INFO  acme-cache: cache hit
2026-10-09 09:16:04 INFO  http: connection reused
2026-10-09 09:23:17 INFO  beta: parsed batch
2026-10-09 09:30:30 INFO  http: heartbeat
2026-10-09 09:37:43 INFO  beta: connection reused
2026-10-09 09:44:56 INFO  beta: heartbeat
2026-10-09 09:51:09 INFO  scheduler: heartbeat
2026-10-09 09:58:22 INFO  beta: retry scheduled
2026-10-09 09:05:35 INFO  beta: connection reused
2026-10-09 09:12:48 INFO  http: fetch ok
2026-10-09 09:19:01 INFO  http: cache hit
2026-10-09 09:26:14 INFO  beta: fetch ok
2026-10-09 09:33:27 INFO  beta: heartbeat
2026-10-09 09:40:40 INFO  beta: heartbeat
2026-10-09 09:47:53 INFO  beta: heartbeat
2026-10-09 09:54:06 INFO  scheduler: retry scheduled
2026-10-09 09:01:19 INFO  http: retry scheduled
2026-10-09 09:08:32 INFO  beta: retry scheduled
2026-10-09 09:15:45 INFO  scheduler: fetch ok
2026-10-09 09:22:58 INFO  scheduler: retry scheduled
2026-10-09 09:29:11 INFO  http: connection reused
2026-10-09 09:36:24 INFO  acme-cache: heartbeat
2026-10-09 09:43:37 INFO  acme-cache: retry scheduled
2026-10-09 09:50:50 INFO  scheduler: retry scheduled
2026-10-09 09:57:03 INFO  http: connection reused
2026-10-09 09:04:16 INFO  scheduler: fetch ok
2026-10-09 09:11:29 INFO  beta: fetch ok
2026-10-09 09:18:42 INFO  acme-cache: connection reused
2026-10-09 09:25:55 INFO  beta: connection reused
2026-10-09 09:32:08 INFO  beta: heartbeat
2026-10-09 09:39:21 INFO  acme-cache: retry scheduled
2026-10-09 09:46:34 INFO  http: retry scheduled
2026-10-09 09:53:47 INFO  beta: heartbeat
2026-10-09 09:00:00 INFO  beta: retry scheduled
2026-10-09 09:07:13 INFO  http: connection reused
2026-10-09 09:14:26 INFO  beta: connection reused
2026-10-09 09:21:39 INFO  scheduler: connection reused
2026-10-09 09:28:52 INFO  http: connection reused
2026-10-09 09:35:05 INFO  beta: cache hit
2026-10-09 09:42:18 INFO  scheduler: heartbeat
2026-10-09 09:49:31 INFO  beta: parsed batch
2026-10-09 09:56:44 INFO  beta: parsed batch
2026-10-09 09:03:57 INFO  beta: fetch ok
2026-10-09 09:10:10 INFO  http: connection reused
2026-10-09 09:17:23 INFO  scheduler: retry scheduled
2026-10-09 09:24:36 INFO  acme-cache: parsed batch
2026-10-09 09:31:49 INFO  beta: connection reused
2026-10-09 09:38:02 INFO  beta: heartbeat
2026-10-09 09:45:15 INFO  acme-cache: parsed batch
2026-10-09 09:52:28 INFO  beta: retry scheduled
2026-10-09 09:59:41 INFO  beta: retry scheduled
2026-10-09 09:06:54 INFO  scheduler: cache hit
2026-10-09 09:13:07 INFO  http: parsed batch
2026-10-09 10:20:20 INFO  acme-cache: cache hit
2026-10-09 10:27:33 INFO  beta: connection reused
2026-10-09 10:34:46 INFO  beta: parsed batch
2026-10-09 10:41:59 INFO  beta: retry scheduled
2026-10-09 10:48:12 INFO  beta: heartbeat
2026-10-09 10:55:25 INFO  acme-cache: fetch ok
2026-10-09 10:02:38 INFO  http: cache hit
2026-10-09 10:09:51 INFO  beta: parsed batch
2026-10-09 10:16:04 INFO  scheduler: parsed batch
2026-10-09 10:23:17 INFO  http: parsed batch
2026-10-09 10:30:30 INFO  scheduler: cache hit
2026-10-09 10:37:43 INFO  scheduler: heartbeat
2026-10-09 10:44:56 INFO  beta: parsed batch
2026-10-09 10:51:09 INFO  http: heartbeat
2026-10-09 10:58:22 INFO  beta: heartbeat
2026-10-09 10:05:35 INFO  beta: retry scheduled
2026-10-09 10:12:48 INFO  beta: cache hit
2026-10-09 10:19:01 INFO  scheduler: fetch ok
2026-10-09 10:26:14 INFO  scheduler: fetch ok
2026-10-09 10:33:27 INFO  acme-cache: connection reused
2026-10-09 10:40:40 INFO  scheduler: cache hit
2026-10-09 10:47:53 INFO  acme-cache: connection reused
2026-10-09 10:54:06 INFO  scheduler: connection reused
2026-10-09 10:01:19 INFO  beta: parsed batch
2026-10-09 10:08:32 INFO  http: heartbeat
2026-10-09 10:15:45 INFO  beta: fetch ok
2026-10-09 10:22:58 INFO  scheduler: cache hit
2026-10-09 10:29:11 INFO  http: connection reused
2026-10-09 10:36:24 INFO  scheduler: parsed batch
2026-10-09 10:43:37 INFO  http: cache hit
2026-10-09 10:50:50 INFO  beta: heartbeat
2026-10-09 10:57:03 INFO  beta: connection reused
2026-10-09 10:04:16 INFO  beta: connection reused
2026-10-09 10:11:29 INFO  acme-cache: connection reused
2026-10-09 10:18:42 INFO  scheduler: cache hit
2026-10-09 10:25:55 INFO  http: heartbeat
2026-10-09 10:32:08 INFO  beta: cache hit
2026-10-09 10:39:21 INFO  beta: heartbeat
2026-10-09 10:46:34 INFO  http: parsed batch
2026-10-09 10:53:47 INFO  beta: cache hit
2026-10-09 10:00:00 INFO  beta: retry scheduled
2026-10-09 10:07:13 INFO  beta: heartbeat
2026-10-09 10:14:26 INFO  acme-cache: parsed batch
2026-10-09 10:21:39 INFO  scheduler: parsed batch
2026-10-09 10:28:52 INFO  acme-cache: cache hit
2026-10-09 10:35:05 INFO  http: fetch ok
2026-10-09 10:42:18 INFO  acme-cache: heartbeat
2026-10-09 10:49:31 INFO  http: cache hit
2026-10-09 10:56:44 INFO  scheduler: fetch ok
2026-10-09 10:03:57 INFO  acme-cache: cache hit
2026-10-09 10:10:10 INFO  scheduler: heartbeat
2026-10-09 10:17:23 INFO  http: heartbeat
2026-10-09 10:24:36 INFO  acme-cache: fetch ok
2026-10-09 10:31:49 INFO  acme-cache: parsed batch
2026-10-09 10:38:02 INFO  beta: cache hit
2026-10-09 10:45:15 INFO  http: fetch ok
2026-10-09 10:52:28 INFO  acme-cache: cache hit
2026-10-09 10:59:41 INFO  acme-cache: parsed batch
2026-10-09 10:06:54 INFO  beta: connection reused
2026-10-09 10:13:07 INFO  scheduler: fetch ok
2026-10-09 10:20:20 INFO  beta: retry scheduled
2026-10-09 10:27:33 INFO  beta: fetch ok
2026-10-09 10:34:46 INFO  beta: retry scheduled
2026-10-09 10:41:59 INFO  acme-cache: retry scheduled
2026-10-09 10:48:12 INFO  beta: fetch ok
2026-10-09 10:55:25 INFO  scheduler: cache hit
2026-10-09 10:02:38 INFO  beta: connection reused
2026-10-09 10:09:51 INFO  beta: retry scheduled
2026-10-09 10:16:04 INFO  http: heartbeat
2026-10-09 10:23:17 INFO  beta: retry scheduled
2026-10-09 10:30:30 INFO  scheduler: retry scheduled
2026-10-09 10:37:43 INFO  beta: connection reused
2026-10-09 10:44:56 INFO  scheduler: connection reused
2026-10-09 10:51:09 INFO  scheduler: parsed batch
2026-10-09 10:58:22 INFO  beta: connection reused
2026-10-09 10:05:35 INFO  beta: heartbeat
2026-10-09 10:12:48 INFO  beta: cache hit
2026-10-09 10:19:01 INFO  beta: fetch ok
2026-10-09 10:26:14 INFO  beta: retry scheduled
2026-10-09 10:33:27 INFO  beta: fetch ok
2026-10-09 10:40:40 INFO  beta: cache hit
2026-10-09 10:47:53 INFO  beta: fetch ok
2026-10-09 10:54:06 INFO  scheduler: retry scheduled
2026-10-09 10:01:19 INFO  beta: retry scheduled
2026-10-09 10:08:32 INFO  beta: heartbeat
2026-10-09 10:15:45 INFO  acme-cache: connection reused
2026-10-09 10:22:58 INFO  beta: cache hit
2026-10-09 10:29:11 INFO  beta: parsed batch
2026-10-09 10:36:24 INFO  acme-cache: parsed batch
2026-10-09 10:43:37 INFO  scheduler: cache hit
2026-10-09 10:50:50 INFO  scheduler: retry scheduled
2026-10-09 10:57:03 INFO  scheduler: fetch ok
2026-10-09 10:04:16 INFO  beta: retry scheduled
2026-10-09 10:11:29 INFO  beta: retry scheduled
2026-10-09 10:18:42 INFO  acme-cache: connection reused
2026-10-09 10:25:55 INFO  beta: parsed batch
2026-10-09 10:32:08 INFO  http: heartbeat
2026-10-09 10:39:21 INFO  beta: parsed batch
2026-10-09 10:46:34 INFO  http: heartbeat
2026-10-09 10:53:47 INFO  beta: parsed batch
2026-10-09 10:00:00 INFO  scheduler: fetch ok
2026-10-09 10:07:13 INFO  http: connection reused
2026-10-09 10:14:26 INFO  acme-cache: connection reused
2026-10-09 10:21:39 INFO  scheduler: heartbeat
2026-10-09 10:28:52 INFO  beta: fetch ok
2026-10-09 10:35:05 INFO  http: heartbeat
2026-10-09 10:42:18 INFO  beta: parsed batch
2026-10-09 10:49:31 INFO  beta: connection reused
2026-10-09 10:56:44 INFO  scheduler: retry scheduled
2026-10-09 10:03:57 INFO  beta: heartbeat
2026-10-09 10:10:10 INFO  http: fetch ok
2026-10-09 10:17:23 INFO  acme-cache: parsed batch
2026-10-09 10:24:36 INFO  beta: heartbeat
2026-10-09 10:31:49 INFO  scheduler: connection reused
2026-10-09 10:38:02 INFO  scheduler: cache hit
2026-10-09 10:45:15 INFO  scheduler: heartbeat
2026-10-09 10:52:28 INFO  http: retry scheduled
2026-10-09 10:59:41 INFO  acme-cache: parsed batch
2026-10-09 10:06:54 INFO  beta: cache hit
2026-10-09 10:13:07 INFO  beta: connection reused
2026-10-09 10:20:20 INFO  http: fetch ok
2026-10-09 10:27:33 INFO  http: connection reused
2026-10-09 10:34:46 INFO  acme-cache: cache hit
2026-10-09 10:41:59 INFO  http: cache hit
2026-10-09 10:48:12 INFO  http: cache hit
2026-10-09 10:55:25 INFO  beta: heartbeat
2026-10-09 10:02:38 INFO  http: parsed batch
2026-10-09 10:09:51 INFO  acme-cache: fetch ok
2026-10-09 10:16:04 INFO  scheduler: fetch ok
2026-10-09 10:23:17 INFO  beta: parsed batch
2026-10-09 10:30:30 INFO  beta: heartbeat
2026-10-09 10:37:43 INFO  scheduler: cache hit
2026-10-09 10:44:56 INFO  http: heartbeat
2026-10-09 10:51:09 INFO  scheduler: connection reused
2026-10-09 10:58:22 INFO  beta: fetch ok
2026-10-09 10:05:35 INFO  http: retry scheduled
2026-10-09 10:12:48 INFO  beta: parsed batch
2026-10-09 10:19:01 INFO  acme-cache: fetch ok
2026-10-09 10:26:14 INFO  http: parsed batch
2026-10-09 10:33:27 INFO  scheduler: connection reused
2026-10-09 10:40:40 INFO  acme-cache: fetch ok
2026-10-09 10:47:53 INFO  scheduler: connection reused
2026-10-09 10:54:06 INFO  acme-cache: fetch ok
2026-10-09 10:01:19 INFO  beta: parsed batch
2026-10-09 10:08:32 INFO  acme-cache: retry scheduled
2026-10-09 10:15:45 INFO  beta: connection reused
2026-10-09 10:22:58 INFO  acme-cache: cache hit
2026-10-09 10:29:11 INFO  acme-cache: retry scheduled
2026-10-09 10:36:24 INFO  http: heartbeat
2026-10-09 10:43:37 INFO  http: parsed batch
2026-10-09 10:50:50 INFO  http: connection reused
2026-10-09 10:57:03 INFO  acme-cache: parsed batch
2026-10-09 10:04:16 INFO  acme-cache: parsed batch
2026-10-09 10:11:29 INFO  scheduler: fetch ok
2026-10-09 10:18:42 INFO  beta: connection reused
2026-10-09 10:25:55 INFO  beta: connection reused
2026-10-09 10:32:08 INFO  acme-cache: fetch ok
2026-10-09 10:39:21 INFO  http: heartbeat
2026-10-09 10:46:34 INFO  beta: cache hit
2026-10-09 10:53:47 INFO  scheduler: retry scheduled
2026-10-09 10:00:00 INFO  acme-cache: heartbeat
2026-10-09 10:07:13 INFO  beta: parsed batch
2026-10-09 10:14:26 INFO  scheduler: fetch ok
2026-10-09 10:21:39 INFO  beta: fetch ok
2026-10-09 10:28:52 INFO  beta: retry scheduled
2026-10-09 10:35:05 INFO  scheduler: heartbeat
2026-10-09 10:42:18 INFO  scheduler: connection reused
2026-10-09 10:49:31 INFO  beta: connection reused
2026-10-09 10:56:44 INFO  acme-cache: cache hit
2026-10-09 10:03:57 INFO  http: retry scheduled
2026-10-09 10:10:10 INFO  beta: connection reused
2026-10-09 10:17:23 INFO  beta: connection reused
2026-10-09 10:24:36 INFO  beta: heartbeat
2026-10-09 10:31:49 INFO  acme-cache: cache hit
2026-10-09 10:38:02 INFO  beta: retry scheduled
2026-10-09 10:45:15 INFO  beta: parsed batch
2026-10-09 10:52:28 INFO  beta: cache hit
2026-10-09 10:59:41 INFO  acme-cache: fetch ok
2026-10-09 10:06:54 INFO  beta: retry scheduled
2026-10-09 10:13:07 INFO  http: cache hit
2026-10-09 10:20:20 INFO  beta: connection reused
2026-10-09 10:27:33 INFO  scheduler: heartbeat
2026-10-09 10:34:46 INFO  http: parsed batch
2026-10-09 10:41:59 INFO  beta: fetch ok
2026-10-09 10:48:12 INFO  scheduler: parsed batch
2026-10-09 10:55:25 INFO  acme-cache: connection reused
2026-10-09 10:02:38 INFO  beta: connection reused
2026-10-09 10:09:51 INFO  scheduler: retry scheduled
2026-10-09 10:16:04 INFO  scheduler: parsed batch
2026-10-09 10:23:17 INFO  http: retry scheduled
2026-10-09 10:30:30 INFO  acme-cache: retry scheduled
2026-10-09 10:37:43 INFO  http: connection reused
2026-10-09 10:44:56 INFO  beta: heartbeat
2026-10-09 10:51:09 INFO  acme-cache: parsed batch
2026-10-09 10:58:22 INFO  beta: retry scheduled
2026-10-09 10:05:35 INFO  scheduler: parsed batch
2026-10-09 10:12:48 INFO  scheduler: cache hit
2026-10-09 10:19:01 INFO  http: cache hit
2026-10-09 10:26:14 INFO  beta: heartbeat
2026-10-09 10:33:27 INFO  scheduler: heartbeat
2026-10-09 10:40:40 INFO  acme-cache: retry scheduled
2026-10-09 10:47:53 INFO  acme-cache: fetch ok
2026-10-09 10:54:06 INFO  acme-cache: parsed batch
2026-10-09 10:01:19 INFO  beta: retry scheduled
2026-10-09 10:08:32 INFO  scheduler: heartbeat
2026-10-09 10:15:45 INFO  acme-cache: cache hit
2026-10-09 10:22:58 INFO  scheduler: heartbeat
2026-10-09 10:29:11 INFO  http: retry scheduled
2026-10-09 10:36:24 INFO  acme-cache: fetch ok
2026-10-09 10:43:37 INFO  acme-cache: retry scheduled
2026-10-09 10:50:50 INFO  scheduler: fetch ok
2026-10-09 10:57:03 INFO  acme-cache: parsed batch
2026-10-09 10:04:16 INFO  acme-cache: heartbeat
2026-10-09 10:11:29 INFO  acme-cache: parsed batch
2026-10-09 10:18:42 INFO  beta: heartbeat
2026-10-09 10:25:55 INFO  beta: cache hit
2026-10-09 10:32:08 INFO  beta: heartbeat
2026-10-09 10:39:21 INFO  beta: cache hit
2026-10-09 10:46:34 INFO  acme-cache: connection reused
2026-10-09 10:53:47 INFO  beta: connection reused
2026-10-09 10:00:00 INFO  http: fetch ok
2026-10-09 10:07:13 INFO  scheduler: fetch ok
2026-10-09 10:14:26 INFO  beta: heartbeat
2026-10-09 10:21:39 INFO  beta: retry scheduled
2026-10-09 10:28:52 INFO  http: heartbeat
2026-10-09 10:35:05 INFO  beta: retry scheduled
2026-10-09 10:42:18 INFO  beta: connection reused
2026-10-09 10:49:31 INFO  acme-cache: fetch ok
2026-10-09 10:56:44 INFO  beta: connection reused
2026-10-09 10:03:57 INFO  http: connection reused
2026-10-09 10:10:10 INFO  beta: cache hit
2026-10-09 10:17:23 INFO  beta: parsed batch
2026-10-09 10:24:36 INFO  beta: cache hit
2026-10-09 10:31:49 INFO  acme-cache: heartbeat
2026-10-09 10:38:02 INFO  beta: heartbeat
2026-10-09 10:45:15 INFO  scheduler: cache hit
2026-10-09 10:52:28 INFO  http: heartbeat
2026-10-09 10:59:41 INFO  beta: fetch ok
2026-10-09 10:06:54 INFO  http: retry scheduled
2026-10-09 10:13:07 INFO  beta: retry scheduled
2026-10-09 10:20:20 INFO  beta: retry scheduled
2026-10-09 10:27:33 INFO  beta: cache hit
2026-10-09 10:34:46 INFO  http: connection reused
2026-10-09 10:41:59 INFO  http: cache hit
2026-10-09 10:48:12 INFO  scheduler: parsed batch
2026-10-09 10:55:25 INFO  beta: fetch ok
2026-10-09 10:02:38 INFO  http: connection reused
2026-10-09 10:09:51 INFO  scheduler: fetch ok
2026-10-09 10:16:04 INFO  acme-cache: heartbeat
2026-10-09 10:23:17 INFO  beta: parsed batch
2026-10-09 10:30:30 INFO  acme-cache: connection reused
2026-10-09 10:37:43 INFO  beta: fetch ok
2026-10-09 10:44:56 INFO  beta: parsed batch
2026-10-09 10:51:09 INFO  http: heartbeat
2026-10-09 10:58:22 INFO  scheduler: retry scheduled
2026-10-09 10:05:35 INFO  acme-cache: connection reused
2026-10-09 10:12:48 INFO  acme-cache: heartbeat
2026-10-09 10:19:01 INFO  beta: cache hit
2026-10-09 10:26:14 INFO  acme-cache: cache hit
2026-10-09 10:33:27 INFO  http: retry scheduled
2026-10-09 10:40:40 INFO  beta: retry scheduled
2026-10-09 10:47:53 INFO  beta: retry scheduled
2026-10-09 10:54:06 INFO  beta: heartbeat
2026-10-09 10:01:19 INFO  beta: retry scheduled
2026-10-09 10:08:32 INFO  acme-cache: heartbeat
2026-10-09 10:15:45 INFO  http: heartbeat
2026-10-09 10:22:58 INFO  beta: heartbeat
2026-10-09 10:29:11 INFO  scheduler: parsed batch
2026-10-09 10:36:24 INFO  scheduler: heartbeat
2026-10-09 10:43:37 INFO  beta: connection reused
2026-10-09 10:50:50 INFO  beta: retry scheduled
2026-10-09 10:57:03 INFO  scheduler: retry scheduled
2026-10-09 10:04:16 INFO  beta: fetch ok
2026-10-09 10:11:29 INFO  beta: cache hit
2026-10-09 10:18:42 INFO  beta: fetch ok
2026-10-09 10:25:55 INFO  scheduler: heartbeat
2026-10-09 10:32:08 INFO  scheduler: parsed batch
2026-10-09 10:39:21 INFO  acme-cache: parsed batch
2026-10-09 10:46:34 INFO  beta: retry scheduled
2026-10-09 10:53:47 INFO  beta: parsed batch
2026-10-09 10:00:00 INFO  http: retry scheduled
2026-10-09 10:07:13 INFO  beta: heartbeat
2026-10-09 10:14:26 INFO  beta: retry scheduled
2026-10-09 10:21:39 INFO  beta: cache hit
2026-10-09 10:28:52 INFO  beta: cache hit
2026-10-09 10:35:05 INFO  beta: cache hit
2026-10-09 10:42:18 INFO  beta: parsed batch
2026-10-09 10:49:31 INFO  acme-cache: fetch ok
2026-10-09 10:56:44 INFO  http: parsed batch
2026-10-09 10:03:57 INFO  beta: connection reused
2026-10-09 10:10:10 INFO  beta: retry scheduled
2026-10-09 10:17:23 INFO  acme-cache: parsed batch
2026-10-09 10:24:36 INFO  acme-cache: fetch ok
2026-10-09 10:31:49 INFO  http: parsed batch
2026-10-09 10:38:02 INFO  beta: heartbeat
2026-10-09 10:45:15 INFO  beta: parsed batch
2026-10-09 10:52:28 INFO  beta: connection reused
2026-10-09 10:59:41 INFO  beta: connection reused
2026-10-09 10:06:54 INFO  beta: cache hit
2026-10-09 10:13:07 INFO  http: fetch ok
2026-10-09 10:20:20 INFO  acme-cache: fetch ok
2026-10-09 10:27:33 INFO  beta: heartbeat
2026-10-09 10:34:46 INFO  beta: heartbeat
2026-10-09 10:41:59 INFO  scheduler: retry scheduled
2026-10-09 10:48:12 INFO  beta: connection reused
2026-10-09 10:55:25 INFO  beta: parsed batch
2026-10-09 10:02:38 INFO  acme-cache: connection reused
2026-10-09 10:09:51 INFO  scheduler: fetch ok
2026-10-09 10:16:04 INFO  beta: parsed batch
2026-10-09 10:23:17 INFO  beta: connection reused
2026-10-09 10:30:30 INFO  beta: connection reused
2026-10-09 10:37:43 INFO  scheduler: fetch ok
2026-10-09 10:44:56 INFO  beta: parsed batch
2026-10-09 10:51:09 INFO  beta: heartbeat
2026-10-09 10:58:22 INFO  acme-cache: cache hit
2026-10-09 10:05:35 INFO  acme-cache: retry scheduled
2026-10-09 10:12:48 INFO  acme-cache: connection reused
2026-10-09 10:19:01 INFO  acme-cache: retry scheduled
2026-10-09 10:26:14 INFO  beta: parsed batch
2026-10-09 10:33:27 INFO  scheduler: connection reused
2026-10-09 10:40:40 INFO  scheduler: fetch ok
2026-10-09 10:47:53 INFO  beta: fetch ok
2026-10-09 10:54:06 INFO  beta: fetch ok
2026-10-09 10:01:19 INFO  http: retry scheduled
2026-10-09 10:08:32 INFO  acme-cache: connection reused
2026-10-09 10:15:45 INFO  beta: parsed batch
2026-10-09 10:22:58 INFO  http: connection reused
2026-10-09 10:29:11 INFO  scheduler: cache hit
2026-10-09 10:36:24 INFO  beta: fetch ok
2026-10-09 10:43:37 INFO  scheduler: heartbeat
2026-10-09 10:50:50 INFO  scheduler: cache hit
2026-10-09 10:57:03 INFO  beta: heartbeat
2026-10-09 10:04:16 INFO  scheduler: retry scheduled
2026-10-09 10:11:29 INFO  beta: fetch ok
2026-10-09 10:18:42 INFO  scheduler: parsed batch
2026-10-09 10:25:55 INFO  beta: connection reused
2026-10-09 10:32:08 INFO  beta: connection reused
2026-10-09 10:39:21 INFO  beta: heartbeat
2026-10-09 10:46:34 INFO  beta: connection reused
2026-10-09 10:53:47 INFO  beta: fetch ok
2026-10-09 10:00:00 INFO  acme-cache: retry scheduled
2026-10-09 10:07:13 INFO  beta: retry scheduled
2026-10-09 10:14:26 INFO  http: connection reused
2026-10-09 10:21:39 INFO  acme-cache: cache hit
2026-10-09 10:28:52 INFO  beta: connection reused
2026-10-09 10:35:05 INFO  acme-cache: parsed batch
2026-10-09 10:42:18 INFO  acme-cache: retry scheduled
2026-10-09 10:49:31 INFO  scheduler: parsed batch
2026-10-09 10:56:44 INFO  beta: fetch ok
2026-10-09 10:03:57 INFO  beta: fetch ok
2026-10-09 10:10:10 INFO  http: connection reused
2026-10-09 10:17:23 INFO  scheduler: retry scheduled
2026-10-09 10:24:36 INFO  beta: connection reused
2026-10-09 10:31:49 INFO  acme-cache: connection reused
2026-10-09 10:38:02 INFO  beta: fetch ok
2026-10-09 10:45:15 INFO  scheduler: fetch ok
2026-10-09 10:52:28 INFO  beta: fetch ok
2026-10-09 10:59:41 INFO  beta: fetch ok
2026-10-09 10:06:54 INFO  acme-cache: fetch ok
2026-10-09 10:13:07 INFO  acme-cache: heartbeat
2026-10-09 10:20:20 INFO  acme-cache: connection reused
2026-10-09 10:27:33 INFO  http: heartbeat
2026-10-09 10:34:46 INFO  scheduler: connection reused
2026-10-09 10:41:59 INFO  http: heartbeat
2026-10-09 10:48:12 INFO  beta: cache hit
2026-10-09 10:55:25 INFO  http: retry scheduled
2026-10-09 10:02:38 INFO  scheduler: connection reused
2026-10-09 10:09:51 INFO  acme-cache: retry scheduled
2026-10-09 10:16:04 INFO  acme-cache: cache hit
2026-10-09 10:23:17 INFO  http: heartbeat
2026-10-09 10:30:30 INFO  http: retry scheduled
2026-10-09 10:37:43 INFO  http: cache hit
2026-10-09 10:44:56 INFO  http: retry scheduled
2026-10-09 10:51:09 INFO  http: fetch ok
2026-10-09 10:58:22 INFO  scheduler: parsed batch
2026-10-09 10:05:35 INFO  http: retry scheduled
2026-10-09 10:12:48 INFO  beta: heartbeat
2026-10-09 10:19:01 INFO  acme-cache: cache hit
2026-10-09 10:26:14 INFO  beta: connection reused
2026-10-09 10:33:27 INFO  scheduler: cache hit
2026-10-09 10:40:40 INFO  http: parsed batch
2026-10-09 10:47:53 INFO  beta: connection reused
2026-10-09 10:54:06 INFO  http: heartbeat
2026-10-09 10:01:19 INFO  scheduler: heartbeat
2026-10-09 10:08:32 INFO  acme-cache: cache hit
2026-10-09 10:15:45 INFO  scheduler: connection reused
2026-10-09 10:22:58 INFO  beta: cache hit
2026-10-09 10:29:11 INFO  scheduler: cache hit
2026-10-09 10:36:24 INFO  beta: connection reused
2026-10-09 10:43:37 INFO  scheduler: cache hit
2026-10-09 10:50:50 INFO  acme-cache: parsed batch
2026-10-09 10:57:03 INFO  acme-cache: fetch ok
2026-10-09 10:04:16 INFO  acme-cache: connection reused
2026-10-09 10:11:29 INFO  beta: retry scheduled
2026-10-09 10:18:42 INFO  scheduler: connection reused
2026-10-09 10:25:55 INFO  acme-cache: connection reused
2026-10-09 10:32:08 INFO  acme-cache: connection reused
2026-10-09 10:39:21 INFO  beta: cache hit
2026-10-09 10:46:34 INFO  http: fetch ok
2026-10-09 10:53:47 INFO  acme-cache: cache hit
2026-10-09 11:00:00 INFO  scheduler: fetch ok
2026-10-09 11:07:13 INFO  scheduler: heartbeat
2026-10-09 11:14:26 INFO  http: connection reused
2026-10-09 11:21:39 INFO  acme-cache: retry scheduled
2026-10-09 11:28:52 INFO  acme-cache: cache hit
2026-10-09 11:35:05 INFO  scheduler: fetch ok
2026-10-09 11:42:18 INFO  beta: parsed batch
2026-10-09 11:49:31 INFO  beta: cache hit
2026-10-09 11:56:44 INFO  beta: cache hit
2026-10-09 11:03:57 INFO  scheduler: fetch ok
2026-10-09 11:10:10 INFO  beta: cache hit
2026-10-09 11:17:23 INFO  scheduler: parsed batch
2026-10-09 11:24:36 INFO  acme-cache: parsed batch
2026-10-09 11:31:49 INFO  beta: cache hit
2026-10-09 11:38:02 INFO  beta: connection reused
2026-10-09 11:45:15 INFO  beta: connection reused
2026-10-09 11:52:28 INFO  beta: cache hit
2026-10-09 11:59:41 INFO  acme-cache: fetch ok
2026-10-09 11:06:54 INFO  beta: cache hit
2026-10-09 11:13:07 INFO  beta: retry scheduled
2026-10-09 11:20:20 INFO  beta: parsed batch
2026-10-09 11:27:33 INFO  scheduler: retry scheduled
2026-10-09 11:34:46 INFO  beta: cache hit
2026-10-09 11:41:59 INFO  http: fetch ok
2026-10-09 11:48:12 INFO  beta: cache hit
2026-10-09 11:55:25 INFO  scheduler: heartbeat
2026-10-09 11:02:38 INFO  scheduler: heartbeat
2026-10-09 11:09:51 INFO  acme-cache: fetch ok
2026-10-09 11:16:04 INFO  scheduler: parsed batch
2026-10-09 11:23:17 INFO  beta: parsed batch
2026-10-09 11:30:30 INFO  beta: connection reused
2026-10-09 11:37:43 INFO  acme-cache: fetch ok
2026-10-09 11:44:56 INFO  acme-cache: cache hit
2026-10-09 11:51:09 INFO  beta: connection reused
2026-10-09 11:58:22 INFO  beta: heartbeat
2026-10-09 11:05:35 INFO  beta: retry scheduled
2026-10-09 11:12:48 INFO  beta: heartbeat
2026-10-09 11:19:01 INFO  http: heartbeat
2026-10-09 11:26:14 INFO  beta: cache hit
2026-10-09 11:33:27 INFO  beta: retry scheduled
2026-10-09 11:40:40 INFO  beta: retry scheduled
2026-10-09 11:47:53 INFO  scheduler: heartbeat
2026-10-09 11:54:06 INFO  http: cache hit
2026-10-09 11:01:19 INFO  beta: fetch ok
2026-10-09 11:08:32 INFO  http: cache hit
2026-10-09 11:15:45 INFO  http: connection reused
2026-10-09 11:22:58 INFO  http: fetch ok
2026-10-09 11:29:11 INFO  http: parsed batch
2026-10-09 11:36:24 INFO  beta: retry scheduled
2026-10-09 11:43:37 INFO  beta: parsed batch
2026-10-09 11:50:50 INFO  acme-cache: parsed batch
2026-10-09 11:57:03 INFO  acme-cache: fetch ok
2026-10-09 11:04:16 INFO  beta: fetch ok
2026-10-09 11:11:29 INFO  acme-cache: parsed batch
2026-10-09 11:18:42 INFO  beta: connection reused
2026-10-09 11:25:55 INFO  scheduler: retry scheduled
2026-10-09 11:32:08 INFO  acme-cache: heartbeat
2026-10-09 11:39:21 INFO  beta: parsed batch
2026-10-09 11:46:34 INFO  beta: heartbeat
2026-10-09 11:53:47 INFO  http: cache hit
2026-10-09 11:00:00 INFO  acme-cache: parsed batch
2026-10-09 11:07:13 INFO  scheduler: parsed batch
2026-10-09 11:14:26 INFO  beta: fetch ok
2026-10-09 11:21:39 INFO  scheduler: parsed batch
2026-10-09 11:28:52 INFO  beta: heartbeat
2026-10-09 11:35:05 INFO  http: retry scheduled
2026-10-09 11:42:18 INFO  http: parsed batch
2026-10-09 11:49:31 INFO  http: parsed batch
2026-10-09 11:56:44 INFO  beta: fetch ok
2026-10-09 11:03:57 INFO  acme-cache: connection reused
2026-10-09 11:10:10 INFO  scheduler: fetch ok
2026-10-09 11:17:23 INFO  acme-cache: parsed batch
2026-10-09 11:24:36 INFO  beta: connection reused
2026-10-09 11:31:49 INFO  beta: fetch ok
2026-10-09 11:38:02 INFO  beta: fetch ok
2026-10-09 11:45:15 INFO  beta: cache hit
2026-10-09 11:52:28 INFO  beta: parsed batch
2026-10-09 11:59:41 INFO  scheduler: heartbeat
2026-10-09 11:06:54 INFO  scheduler: cache hit
2026-10-09 11:13:07 INFO  acme-cache: heartbeat
2026-10-09 11:20:20 INFO  acme-cache: connection reused
2026-10-09 11:27:33 INFO  beta: fetch ok
2026-10-09 11:34:46 INFO  http: heartbeat
2026-10-09 11:41:59 INFO  scheduler: fetch ok
2026-10-09 11:48:12 INFO  acme-cache: cache hit
2026-10-09 11:55:25 INFO  http: retry scheduled
2026-10-09 11:02:38 INFO  beta: parsed batch
2026-10-09 11:09:51 INFO  acme-cache: cache hit
2026-10-09 11:16:04 INFO  http: heartbeat
2026-10-09 11:23:17 INFO  http: heartbeat
2026-10-09 11:30:30 INFO  acme-cache: cache hit
2026-10-09 11:37:43 INFO  beta: heartbeat
2026-10-09 11:44:56 INFO  acme-cache: fetch ok
2026-10-09 11:51:09 INFO  acme-cache: connection reused
2026-10-09 11:58:22 INFO  http: connection reused
2026-10-09 11:05:35 INFO  acme-cache: retry scheduled
2026-10-09 11:12:48 INFO  acme-cache: connection reused
2026-10-09 11:19:01 INFO  beta: cache hit
2026-10-09 11:26:14 INFO  beta: parsed batch
2026-10-09 11:33:27 INFO  beta: cache hit
2026-10-09 11:40:40 INFO  beta: parsed batch
2026-10-09 11:47:53 INFO  beta: retry scheduled
2026-10-09 11:54:06 INFO  beta: connection reused
2026-10-09 11:01:19 INFO  http: parsed batch
2026-10-09 11:08:32 INFO  acme-cache: parsed batch
2026-10-09 11:15:45 INFO  acme-cache: retry scheduled
2026-10-09 11:22:58 INFO  beta: connection reused
2026-10-09 11:29:11 INFO  scheduler: retry scheduled
2026-10-09 11:36:24 INFO  acme-cache: connection reused
2026-10-09 11:43:37 INFO  beta: fetch ok
2026-10-09 11:50:50 INFO  scheduler: retry scheduled
2026-10-09 11:57:03 INFO  acme-cache: connection reused
2026-10-09 11:04:16 INFO  scheduler: connection reused
2026-10-09 11:11:29 INFO  beta: parsed batch
2026-10-09 11:18:42 INFO  http: parsed batch
2026-10-09 11:25:55 INFO  beta: heartbeat
2026-10-09 11:32:08 INFO  beta: fetch ok
2026-10-09 11:39:21 INFO  beta: connection reused
2026-10-09 11:46:34 INFO  beta: cache hit
2026-10-09 11:53:47 INFO  http: retry scheduled
2026-10-09 11:00:00 INFO  http: retry scheduled
2026-10-09 11:07:13 INFO  http: cache hit
2026-10-09 11:14:26 INFO  acme-cache: heartbeat
2026-10-09 11:21:39 INFO  http: retry scheduled
2026-10-09 11:28:52 INFO  scheduler: connection reused
2026-10-09 11:35:05 INFO  http: fetch ok
2026-10-09 11:42:18 INFO  beta: cache hit
2026-10-09 11:49:31 INFO  acme-cache: cache hit
2026-10-09 11:56:44 INFO  beta: heartbeat
2026-10-09 11:03:57 INFO  http: heartbeat
2026-10-09 11:10:10 INFO  beta: connection reused
2026-10-09 11:17:23 INFO  scheduler: connection reused
2026-10-09 11:24:36 INFO  acme-cache: heartbeat
2026-10-09 11:31:49 INFO  beta: cache hit
2026-10-09 11:38:02 INFO  scheduler: parsed batch
2026-10-09 11:45:15 INFO  http: retry scheduled
2026-10-09 11:52:28 INFO  beta: connection reused
2026-10-09 11:59:41 INFO  beta: fetch ok
2026-10-09 11:06:54 INFO  http: heartbeat
2026-10-09 11:13:07 INFO  beta: heartbeat
2026-10-09 11:20:20 INFO  http: connection reused
2026-10-09 11:27:33 INFO  beta: cache hit
2026-10-09 11:34:46 INFO  beta: retry scheduled
2026-10-09 11:41:59 INFO  http: fetch ok
2026-10-09 11:48:12 INFO  beta: heartbeat
2026-10-09 11:55:25 INFO  beta: parsed batch
2026-10-09 11:02:38 INFO  beta: connection reused
2026-10-09 11:09:51 INFO  scheduler: heartbeat
2026-10-09 11:16:04 INFO  beta: retry scheduled
2026-10-09 11:23:17 INFO  beta: cache hit
2026-10-09 11:30:30 INFO  acme-cache: heartbeat
2026-10-09 11:37:43 INFO  beta: retry scheduled
2026-10-09 11:44:56 INFO  acme-cache: cache hit
2026-10-09 11:51:09 INFO  beta: fetch ok
2026-10-09 11:58:22 INFO  beta: heartbeat
2026-10-09 11:05:35 INFO  beta: fetch ok
2026-10-09 11:12:48 INFO  beta: connection reused
2026-10-09 11:19:01 INFO  acme-cache: connection reused
2026-10-09 11:26:14 INFO  acme-cache: cache hit
2026-10-09 11:33:27 INFO  beta: retry scheduled
2026-10-09 11:40:40 INFO  scheduler: heartbeat
2026-10-09 11:47:53 INFO  acme-cache: heartbeat
2026-10-09 11:54:06 INFO  beta: fetch ok
2026-10-09 11:01:19 INFO  acme-cache: retry scheduled
2026-10-09 11:08:32 INFO  acme-cache: fetch ok
2026-10-09 11:15:45 INFO  http: parsed batch
2026-10-09 11:22:58 INFO  http: heartbeat
2026-10-09 11:29:11 INFO  beta: parsed batch
2026-10-09 11:36:24 INFO  http: parsed batch
2026-10-09 11:43:37 INFO  scheduler: parsed batch
2026-10-09 11:50:50 INFO  beta: retry scheduled
2026-10-09 11:57:03 INFO  acme-cache: cache hit
2026-10-09 11:04:16 INFO  http: retry scheduled
2026-10-09 11:11:29 INFO  beta: connection reused
2026-10-09 11:18:42 INFO  acme-cache: parsed batch
2026-10-09 11:25:55 INFO  beta: retry scheduled
2026-10-09 11:32:08 INFO  beta: retry scheduled
2026-10-09 11:39:21 INFO  scheduler: cache hit
2026-10-09 11:46:34 INFO  scheduler: heartbeat
2026-10-09 11:53:47 INFO  acme-cache: heartbeat
2026-10-09 11:00:00 INFO  scheduler: fetch ok
2026-10-09 11:07:13 INFO  http: connection reused
2026-10-09 11:14:26 INFO  acme-cache: parsed batch
2026-10-09 11:21:39 INFO  beta: retry scheduled
2026-10-09 11:28:52 INFO  acme-cache: parsed batch
2026-10-09 11:35:05 INFO  scheduler: retry scheduled
2026-10-09 11:42:18 INFO  http: retry scheduled
2026-10-09 11:49:31 INFO  scheduler: retry scheduled
2026-10-09 11:56:44 INFO  scheduler: heartbeat
2026-10-09 11:03:57 INFO  beta: retry scheduled
2026-10-09 11:10:10 INFO  beta: cache hit
2026-10-09 11:17:23 INFO  http: fetch ok
2026-10-09 11:24:36 INFO  acme-cache: cache hit
2026-10-09 11:31:49 INFO  acme-cache: connection reused
2026-10-09 11:38:02 INFO  beta: parsed batch
2026-10-09 11:45:15 INFO  acme-cache: parsed batch
2026-10-09 11:52:28 INFO  http: heartbeat
2026-10-09 11:59:41 INFO  beta: cache hit
2026-10-09 11:06:54 INFO  scheduler: fetch ok
2026-10-09 11:13:07 INFO  acme-cache: cache hit
2026-10-09 11:20:20 INFO  beta: heartbeat
2026-10-09 11:27:33 INFO  http: heartbeat
2026-10-09 11:34:46 INFO  http: connection reused
2026-10-09 11:41:59 INFO  beta: connection reused
2026-10-09 11:48:12 INFO  beta: cache hit
2026-10-09 11:55:25 INFO  beta: connection reused
2026-10-09 11:02:38 INFO  scheduler: parsed batch
2026-10-09 11:09:51 INFO  scheduler: connection reused
2026-10-09 11:16:04 INFO  scheduler: retry scheduled
2026-10-09 11:23:17 INFO  beta: retry scheduled
2026-10-09 11:30:30 INFO  scheduler: retry scheduled
2026-10-09 11:37:43 INFO  http: retry scheduled
2026-10-09 11:44:56 INFO  acme-cache: retry scheduled
2026-10-09 11:51:09 INFO  scheduler: parsed batch
2026-10-09 11:58:22 INFO  acme-cache: retry scheduled
2026-10-09 11:05:35 INFO  beta: retry scheduled
2026-10-09 11:12:48 INFO  http: retry scheduled
2026-10-09 11:19:01 INFO  beta: parsed batch
2026-10-09 11:26:14 INFO  http: heartbeat
2026-10-09 11:33:27 INFO  beta: parsed batch
2026-10-09 11:40:40 INFO  http: parsed batch
2026-10-09 11:47:53 INFO  beta: fetch ok
2026-10-09 11:54:06 INFO  beta: parsed batch
2026-10-09 11:01:19 INFO  beta: connection reused
2026-10-09 11:08:32 INFO  http: fetch ok
2026-10-09 11:15:45 INFO  http: parsed batch
2026-10-09 11:22:58 INFO  beta: cache hit
2026-10-09 11:29:11 INFO  http: retry scheduled
2026-10-09 11:36:24 INFO  http: retry scheduled
2026-10-09 11:43:37 INFO  acme-cache: cache hit
2026-10-09 11:50:50 INFO  beta: parsed batch
2026-10-09 11:57:03 INFO  beta: connection reused
2026-10-09 11:04:16 INFO  beta: connection reused
2026-10-09 11:11:29 INFO  acme-cache: retry scheduled
2026-10-09 11:18:42 INFO  acme-cache: heartbeat
2026-10-09 11:25:55 INFO  beta: fetch ok
2026-10-09 11:32:08 INFO  http: fetch ok
2026-10-09 11:39:21 INFO  beta: retry scheduled
2026-10-09 11:46:34 INFO  beta: fetch ok
2026-10-09 11:53:47 INFO  acme-cache: cache hit
2026-10-09 11:00:00 INFO  beta: cache hit
2026-10-09 11:07:13 INFO  scheduler: retry scheduled
2026-10-09 11:14:26 INFO  acme-cache: fetch ok
2026-10-09 11:21:39 INFO  acme-cache: parsed batch
2026-10-09 11:28:52 INFO  beta: cache hit
2026-10-09 11:35:05 INFO  beta: connection reused
2026-10-09 11:42:18 INFO  scheduler: fetch ok
2026-10-09 11:49:31 INFO  beta: fetch ok
2026-10-09 11:56:44 INFO  beta: cache hit
2026-10-09 11:03:57 INFO  beta: parsed batch
2026-10-09 11:10:10 INFO  scheduler: fetch ok
2026-10-09 11:17:23 INFO  beta: retry scheduled
2026-10-09 11:24:36 INFO  acme-cache: fetch ok
2026-10-09 11:31:49 INFO  acme-cache: parsed batch
2026-10-09 11:38:02 INFO  scheduler: connection reused
2026-10-09 11:45:15 INFO  http: parsed batch
2026-10-09 11:52:28 INFO  beta: cache hit
2026-10-09 11:59:41 INFO  scheduler: fetch ok
2026-10-09 11:06:54 INFO  http: heartbeat
2026-10-09 11:13:07 INFO  scheduler: connection reused
2026-10-09 11:20:20 INFO  scheduler: heartbeat
2026-10-09 11:27:33 INFO  http: parsed batch
2026-10-09 11:34:46 INFO  acme-cache: retry scheduled
2026-10-09 11:41:59 INFO  scheduler: parsed batch
2026-10-09 11:48:12 INFO  beta: connection reused
2026-10-09 11:55:25 INFO  beta: heartbeat
2026-10-09 11:02:38 INFO  beta: parsed batch
2026-10-09 11:09:51 INFO  http: retry scheduled
2026-10-09 11:16:04 INFO  http: heartbeat
2026-10-09 11:23:17 INFO  beta: fetch ok
2026-10-09 11:30:30 INFO  acme-cache: parsed batch
2026-10-09 11:37:43 INFO  beta: fetch ok
2026-10-09 11:44:56 INFO  acme-cache: connection reused
2026-10-09 11:51:09 INFO  scheduler: connection reused
2026-10-09 11:58:22 INFO  beta: retry scheduled
2026-10-09 11:05:35 INFO  scheduler: retry scheduled
2026-10-09 11:12:48 INFO  acme-cache: parsed batch
2026-10-09 11:19:01 INFO  beta: retry scheduled
2026-10-09 11:26:14 INFO  scheduler: connection reused
2026-10-09 11:33:27 INFO  beta: connection reused
2026-10-09 11:40:40 INFO  acme-cache: fetch ok
2026-10-09 11:47:53 INFO  scheduler: parsed batch
2026-10-09 11:54:06 INFO  acme-cache: heartbeat
2026-10-09 11:01:19 INFO  http: retry scheduled
2026-10-09 11:08:32 INFO  acme-cache: fetch ok
2026-10-09 11:15:45 INFO  beta: fetch ok
2026-10-09 11:22:58 INFO  beta: cache hit
2026-10-09 11:29:11 INFO  beta: cache hit
2026-10-09 11:36:24 INFO  acme-cache: heartbeat
2026-10-09 11:43:37 INFO  beta: fetch ok
2026-10-09 11:50:50 INFO  beta: connection reused
2026-10-09 11:57:03 INFO  beta: cache hit
2026-10-09 11:04:16 INFO  beta: connection reused
2026-10-09 11:11:29 INFO  acme-cache: connection reused
2026-10-09 11:18:42 INFO  beta: heartbeat
2026-10-09 11:25:55 INFO  scheduler: connection reused
2026-10-09 11:32:08 INFO  http: connection reused
2026-10-09 11:39:21 INFO  scheduler: fetch ok
2026-10-09 11:46:34 INFO  beta: heartbeat
2026-10-09 11:53:47 INFO  scheduler: cache hit
2026-10-09 11:00:00 INFO  scheduler: parsed batch
2026-10-09 11:07:13 INFO  scheduler: fetch ok
2026-10-09 11:14:26 INFO  scheduler: retry scheduled
2026-10-09 11:21:39 INFO  scheduler: retry scheduled
2026-10-09 11:28:52 INFO  acme-cache: parsed batch
2026-10-09 11:35:05 INFO  scheduler: parsed batch
2026-10-09 11:42:18 INFO  http: heartbeat
2026-10-09 11:49:31 INFO  acme-cache: fetch ok
2026-10-09 11:56:44 INFO  http: fetch ok
2026-10-09 11:03:57 INFO  scheduler: cache hit
2026-10-09 11:10:10 INFO  beta: retry scheduled
2026-10-09 11:17:23 INFO  scheduler: parsed batch
2026-10-09 11:24:36 INFO  http: cache hit
2026-10-09 11:31:49 INFO  acme-cache: retry scheduled
2026-10-09 11:38:02 INFO  http: heartbeat
2026-10-09 11:45:15 INFO  beta: parsed batch
2026-10-09 11:52:28 INFO  beta: cache hit
2026-10-09 11:59:41 INFO  beta: fetch ok
2026-10-09 11:06:54 INFO  http: fetch ok
2026-10-09 11:13:07 INFO  scheduler: fetch ok
2026-10-09 11:20:20 INFO  beta: heartbeat
2026-10-09 11:27:33 INFO  scheduler: connection reused
2026-10-09 11:34:46 INFO  acme-cache: heartbeat
2026-10-09 11:41:59 INFO  scheduler: connection reused
2026-10-09 11:48:12 INFO  beta: fetch ok
2026-10-09 11:55:25 INFO  beta: parsed batch
2026-10-09 11:02:38 INFO  acme-cache: heartbeat
2026-10-09 11:09:51 INFO  beta: parsed batch
2026-10-09 11:16:04 INFO  acme-cache: retry scheduled
2026-10-09 11:23:17 INFO  scheduler: fetch ok
2026-10-09 11:30:30 INFO  beta: fetch ok
2026-10-09 11:37:43 INFO  beta: heartbeat
2026-10-09 11:44:56 INFO  beta: connection reused
2026-10-09 11:51:09 INFO  beta: fetch ok
2026-10-09 11:58:22 INFO  http: retry scheduled
2026-10-09 11:05:35 INFO  http: heartbeat
2026-10-09 11:12:48 INFO  beta: retry scheduled
2026-10-09 11:19:01 INFO  acme-cache: parsed batch
2026-10-09 11:26:14 INFO  scheduler: cache hit
2026-10-09 11:33:27 INFO  http: retry scheduled
2026-10-09 11:40:40 INFO  acme-cache: fetch ok
2026-10-09 11:47:53 INFO  http: connection reused
2026-10-09 11:54:06 INFO  beta: heartbeat
2026-10-09 11:01:19 INFO  scheduler: cache hit
2026-10-09 11:08:32 INFO  http: fetch ok
2026-10-09 11:15:45 INFO  beta: fetch ok
2026-10-09 11:22:58 INFO  scheduler: fetch ok
2026-10-09 11:29:11 INFO  http: connection reused
2026-10-09 11:36:24 INFO  beta: heartbeat
2026-10-09 11:43:37 INFO  acme-cache: connection reused
2026-10-09 11:50:50 INFO  scheduler: cache hit
2026-10-09 11:57:03 INFO  beta: heartbeat
2026-10-09 11:04:16 INFO  scheduler: fetch ok
2026-10-09 11:11:29 INFO  acme-cache: parsed batch
2026-10-09 11:18:42 INFO  http: cache hit
2026-10-09 11:25:55 INFO  acme-cache: heartbeat
2026-10-09 11:32:08 INFO  acme-cache: connection reused
2026-10-09 11:39:21 INFO  http: fetch ok
2026-10-09 11:46:34 INFO  beta: heartbeat
2026-10-09 11:53:47 INFO  scheduler: cache hit
2026-10-09 11:00:00 INFO  beta: cache hit
2026-10-09 11:07:13 INFO  beta: cache hit
2026-10-09 11:14:26 INFO  http: heartbeat
2026-10-09 11:21:39 INFO  acme-cache: connection reused
2026-10-09 11:28:52 INFO  acme-cache: cache hit
2026-10-09 11:35:05 INFO  beta: parsed batch
2026-10-09 11:42:18 INFO  http: cache hit
2026-10-09 11:49:31 INFO  http: heartbeat
2026-10-09 11:56:44 INFO  beta: parsed batch
2026-10-09 11:03:57 INFO  scheduler: cache hit
2026-10-09 11:10:10 INFO  http: retry scheduled
2026-10-09 11:17:23 INFO  beta: heartbeat
2026-10-09 11:24:36 INFO  beta: heartbeat
2026-10-09 11:31:49 INFO  beta: fetch ok
2026-10-09 11:38:02 INFO  acme-cache: connection reused
2026-10-09 11:45:15 INFO  beta: cache hit
2026-10-09 11:52:28 INFO  acme-cache: connection reused
2026-10-09 11:59:41 INFO  http: retry scheduled
2026-10-09 11:06:54 INFO  scheduler: parsed batch
2026-10-09 11:13:07 INFO  beta: connection reused
2026-10-09 11:20:20 INFO  beta: cache hit
2026-10-09 11:27:33 INFO  beta: retry scheduled
2026-10-09 11:34:46 INFO  scheduler: connection reused
2026-10-09 11:41:59 INFO  http: connection reused
2026-10-09 11:48:12 INFO  scheduler: fetch ok
2026-10-09 11:55:25 INFO  beta: parsed batch
2026-10-09 11:02:38 INFO  scheduler: connection reused
2026-10-09 11:09:51 INFO  scheduler: retry scheduled
2026-10-09 11:16:04 INFO  acme-cache: connection reused
2026-10-09 11:23:17 INFO  http: connection reused
2026-10-09 11:30:30 INFO  acme-cache: parsed batch
2026-10-09 11:37:43 INFO  http: parsed batch
2026-10-09 11:44:56 INFO  http: parsed batch
2026-10-09 11:51:09 INFO  beta: parsed batch
2026-10-09 11:58:22 INFO  beta: heartbeat
2026-10-09 11:05:35 INFO  acme-cache: heartbeat
2026-10-09 11:12:48 INFO  scheduler: fetch ok
2026-10-09 11:19:01 INFO  beta: retry scheduled
2026-10-09 11:26:14 INFO  beta: connection reused
2026-10-09 11:33:27 INFO  http: retry scheduled
2026-10-09 12:40:40 INFO  acme-cache: cache hit
2026-10-09 12:47:53 INFO  scheduler: parsed batch
2026-10-09 12:54:06 INFO  acme-cache: cache hit
2026-10-09 12:01:19 INFO  http: cache hit
2026-10-09 12:08:32 INFO  beta: heartbeat
2026-10-09 12:15:45 INFO  beta: retry scheduled
2026-10-09 12:22:58 INFO  beta: retry scheduled
2026-10-09 12:29:11 INFO  http: heartbeat
2026-10-09 12:36:24 INFO  beta: parsed batch
2026-10-09 12:43:37 INFO  acme-cache: fetch ok
2026-10-09 12:50:50 INFO  http: retry scheduled
2026-10-09 12:57:03 INFO  beta: connection reused
2026-10-09 12:04:16 INFO  http: retry scheduled
2026-10-09 12:11:29 INFO  acme-cache: cache hit
2026-10-09 12:18:42 INFO  acme-cache: fetch ok
2026-10-09 12:25:55 INFO  acme-cache: retry scheduled
2026-10-09 12:32:08 INFO  scheduler: fetch ok
2026-10-09 12:39:21 INFO  scheduler: retry scheduled
2026-10-09 12:46:34 INFO  scheduler: parsed batch
2026-10-09 12:53:47 INFO  beta: parsed batch
2026-10-09 12:00:00 INFO  scheduler: fetch ok
2026-10-09 12:07:13 INFO  beta: retry scheduled
2026-10-09 12:14:26 INFO  scheduler: cache hit
2026-10-09 12:21:39 INFO  beta: fetch ok
2026-10-09 12:28:52 INFO  http: fetch ok
2026-10-09 12:35:05 INFO  scheduler: connection reused
2026-10-09 12:42:18 INFO  scheduler: heartbeat
2026-10-09 12:49:31 INFO  http: fetch ok
2026-10-09 12:56:44 INFO  beta: parsed batch
2026-10-09 12:03:57 INFO  acme-cache: retry scheduled
2026-10-09 12:10:10 INFO  beta: cache hit
2026-10-09 12:17:23 INFO  http: fetch ok
2026-10-09 12:24:36 INFO  beta: heartbeat
2026-10-09 12:31:49 INFO  beta: connection reused
2026-10-09 12:38:02 INFO  http: connection reused
2026-10-09 12:45:15 INFO  scheduler: heartbeat
2026-10-09 12:52:28 INFO  beta: parsed batch
2026-10-09 12:59:41 INFO  beta: heartbeat
2026-10-09 12:06:54 INFO  scheduler: cache hit
2026-10-09 12:13:07 INFO  acme-cache: parsed batch
2026-10-09 12:20:20 INFO  beta: retry scheduled
2026-10-09 12:27:33 INFO  beta: connection reused
2026-10-09 12:34:46 INFO  http: connection reused
2026-10-09 12:41:59 INFO  acme-cache: heartbeat
2026-10-09 12:48:12 INFO  scheduler: retry scheduled
2026-10-09 12:55:25 INFO  acme-cache: heartbeat
2026-10-09 12:02:38 INFO  acme-cache: fetch ok
2026-10-09 12:09:51 INFO  http: cache hit
2026-10-09 12:16:04 INFO  http: fetch ok
2026-10-09 12:23:17 INFO  beta: cache hit
2026-10-09 12:30:30 INFO  acme-cache: connection reused
2026-10-09 12:37:43 INFO  acme-cache: connection reused
2026-10-09 12:44:56 INFO  acme-cache: parsed batch
2026-10-09 12:51:09 INFO  http: parsed batch
2026-10-09 12:58:22 INFO  scheduler: parsed batch
2026-10-09 12:05:35 INFO  scheduler: heartbeat
2026-10-09 12:12:48 INFO  acme-cache: fetch ok
2026-10-09 12:19:01 INFO  http: retry scheduled
2026-10-09 12:26:14 INFO  beta: retry scheduled
2026-10-09 12:33:27 INFO  beta: retry scheduled
2026-10-09 12:40:40 INFO  beta: retry scheduled
2026-10-09 12:47:53 INFO  scheduler: connection reused
2026-10-09 12:54:06 INFO  acme-cache: retry scheduled
2026-10-09 12:01:19 INFO  acme-cache: connection reused
2026-10-09 12:08:32 INFO  scheduler: parsed batch
2026-10-09 12:15:45 INFO  beta: connection reused
2026-10-09 12:22:58 INFO  beta: fetch ok
2026-10-09 12:29:11 INFO  beta: parsed batch
2026-10-09 12:36:24 INFO  beta: fetch ok
2026-10-09 12:43:37 INFO  scheduler: fetch ok
2026-10-09 12:50:50 INFO  beta: parsed batch
2026-10-09 12:57:03 INFO  scheduler: heartbeat
2026-10-09 12:04:16 INFO  beta: parsed batch
2026-10-09 12:11:29 INFO  beta: retry scheduled
2026-10-09 12:18:42 INFO  beta: heartbeat
2026-10-09 12:25:55 INFO  scheduler: retry scheduled
2026-10-09 12:32:08 INFO  acme-cache: cache hit
2026-10-09 12:39:21 INFO  scheduler: parsed batch
2026-10-09 12:46:34 INFO  scheduler: fetch ok
2026-10-09 12:53:47 INFO  http: fetch ok
2026-10-09 12:00:00 INFO  acme-cache: fetch ok
2026-10-09 12:07:13 INFO  http: parsed batch
2026-10-09 12:14:26 INFO  beta: retry scheduled
2026-10-09 12:21:39 INFO  acme-cache: fetch ok
2026-10-09 12:28:52 INFO  beta: fetch ok
2026-10-09 12:35:05 INFO  beta: parsed batch
2026-10-09 12:42:18 INFO  scheduler: connection reused
2026-10-09 12:49:31 INFO  scheduler: cache hit
2026-10-09 12:56:44 INFO  beta: heartbeat
2026-10-09 12:03:57 INFO  scheduler: heartbeat
2026-10-09 12:10:10 INFO  acme-cache: fetch ok
2026-10-09 12:17:23 INFO  scheduler: connection reused
2026-10-09 12:24:36 INFO  acme-cache: parsed batch
2026-10-09 12:31:49 INFO  http: fetch ok
2026-10-09 12:38:02 INFO  scheduler: heartbeat
2026-10-09 12:45:15 INFO  http: parsed batch
2026-10-09 12:52:28 INFO  beta: parsed batch
2026-10-09 12:59:41 INFO  beta: parsed batch
2026-10-09 12:06:54 INFO  beta: parsed batch
2026-10-09 12:13:07 INFO  scheduler: heartbeat
2026-10-09 12:20:20 INFO  http: fetch ok
2026-10-09 12:27:33 INFO  beta: connection reused
2026-10-09 12:34:46 INFO  http: parsed batch
2026-10-09 12:41:59 INFO  acme-cache: fetch ok
2026-10-09 12:48:12 INFO  http: parsed batch
2026-10-09 12:55:25 INFO  http: cache hit
2026-10-09 12:02:38 INFO  beta: parsed batch
2026-10-09 12:09:51 INFO  beta: cache hit
2026-10-09 12:16:04 INFO  http: parsed batch
2026-10-09 12:23:17 INFO  scheduler: fetch ok
2026-10-09 12:30:30 INFO  acme-cache: connection reused
2026-10-09 12:37:43 INFO  http: heartbeat
2026-10-09 12:44:56 INFO  beta: cache hit
2026-10-09 12:51:09 INFO  acme-cache: heartbeat
2026-10-09 12:58:22 INFO  beta: heartbeat
2026-10-09 12:05:35 INFO  scheduler: heartbeat
2026-10-09 12:12:48 INFO  beta: parsed batch
2026-10-09 12:19:01 INFO  scheduler: heartbeat
2026-10-09 12:26:14 INFO  http: retry scheduled
2026-10-09 12:33:27 INFO  http: connection reused
2026-10-09 12:40:40 INFO  scheduler: cache hit
2026-10-09 12:47:53 INFO  http: fetch ok
2026-10-09 12:54:06 INFO  acme-cache: connection reused
2026-10-09 12:01:19 INFO  beta: retry scheduled
2026-10-09 12:08:32 INFO  acme-cache: connection reused
2026-10-09 12:15:45 INFO  beta: retry scheduled
2026-10-09 12:22:58 INFO  beta: connection reused
2026-10-09 12:29:11 INFO  beta: cache hit
2026-10-09 12:36:24 INFO  beta: connection reused
2026-10-09 12:43:37 INFO  scheduler: retry scheduled
2026-10-09 12:50:50 INFO  http: heartbeat
2026-10-09 12:57:03 INFO  acme-cache: heartbeat
2026-10-09 12:04:16 INFO  http: retry scheduled
2026-10-09 12:11:29 INFO  beta: retry scheduled
2026-10-09 12:18:42 INFO  scheduler: heartbeat
2026-10-09 12:25:55 INFO  scheduler: cache hit
2026-10-09 12:32:08 INFO  beta: parsed batch
2026-10-09 12:39:21 INFO  beta: heartbeat
2026-10-09 12:46:34 INFO  acme-cache: cache hit
2026-10-09 12:53:47 INFO  beta: heartbeat
2026-10-09 12:00:00 INFO  acme-cache: parsed batch
2026-10-09 12:07:13 INFO  beta: fetch ok
2026-10-09 12:14:26 INFO  beta: fetch ok
2026-10-09 12:21:39 INFO  scheduler: heartbeat
2026-10-09 12:28:52 INFO  beta: cache hit
2026-10-09 12:35:05 INFO  acme-cache: fetch ok
2026-10-09 12:42:18 INFO  beta: parsed batch
2026-10-09 12:49:31 INFO  beta: cache hit
2026-10-09 12:56:44 INFO  http: connection reused
2026-10-09 12:03:57 INFO  beta: heartbeat
2026-10-09 12:10:10 INFO  beta: parsed batch
2026-10-09 12:17:23 INFO  http: retry scheduled
2026-10-09 12:24:36 INFO  scheduler: fetch ok
2026-10-09 12:31:49 INFO  beta: retry scheduled
2026-10-09 12:38:02 INFO  acme-cache: retry scheduled
2026-10-09 12:45:15 INFO  beta: fetch ok
2026-10-09 12:52:28 INFO  acme-cache: fetch ok
2026-10-09 12:59:41 INFO  beta: parsed batch
2026-10-09 12:06:54 INFO  http: cache hit
2026-10-09 12:13:07 INFO  beta: retry scheduled
2026-10-09 12:20:20 INFO  acme-cache: connection reused
2026-10-09 12:27:33 INFO  scheduler: connection reused
2026-10-09 12:34:46 INFO  beta: connection reused
2026-10-09 12:41:59 INFO  http: parsed batch
2026-10-09 12:48:12 INFO  acme-cache: cache hit
2026-10-09 12:55:25 INFO  http: heartbeat
2026-10-09 12:02:38 INFO  beta: retry scheduled
2026-10-09 12:09:51 INFO  http: cache hit
2026-10-09 12:16:04 INFO  beta: retry scheduled
2026-10-09 12:23:17 INFO  beta: connection reused
2026-10-09 12:30:30 INFO  beta: retry scheduled
2026-10-09 12:37:43 INFO  acme-cache: fetch ok
2026-10-09 12:44:56 INFO  acme-cache: cache hit
2026-10-09 12:51:09 INFO  beta: connection reused
2026-10-09 12:58:22 INFO  acme-cache: connection reused
2026-10-09 12:05:35 INFO  scheduler: heartbeat
2026-10-09 12:12:48 INFO  beta: parsed batch
2026-10-09 12:19:01 INFO  beta: fetch ok
2026-10-09 12:26:14 INFO  acme-cache: parsed batch
2026-10-09 12:33:27 INFO  beta: retry scheduled
2026-10-09 12:40:40 INFO  beta: fetch ok
2026-10-09 12:47:53 INFO  beta: fetch ok
2026-10-09 12:54:06 INFO  scheduler: fetch ok
2026-10-09 12:01:19 INFO  beta: retry scheduled
2026-10-09 12:08:32 INFO  scheduler: connection reused
2026-10-09 12:15:45 INFO  beta: parsed batch
2026-10-09 12:22:58 INFO  scheduler: fetch ok
2026-10-09 12:29:11 INFO  beta: parsed batch
2026-10-09 12:36:24 INFO  acme-cache: retry scheduled
2026-10-09 12:43:37 INFO  beta: heartbeat
2026-10-09 12:50:50 INFO  scheduler: connection reused
2026-10-09 12:57:03 INFO  acme-cache: parsed batch
2026-10-09 12:04:16 INFO  http: cache hit
2026-10-09 12:11:29 INFO  beta: parsed batch
2026-10-09 12:18:42 INFO  beta: cache hit
2026-10-09 12:25:55 INFO  scheduler: cache hit
2026-10-09 12:32:08 INFO  acme-cache: connection reused
2026-10-09 12:39:21 INFO  beta: retry scheduled
2026-10-09 12:46:34 INFO  scheduler: cache hit
2026-10-09 12:53:47 INFO  scheduler: cache hit
2026-10-09 12:00:00 INFO  beta: connection reused
2026-10-09 12:07:13 INFO  scheduler: cache hit
2026-10-09 12:14:26 INFO  scheduler: heartbeat
2026-10-09 12:21:39 INFO  beta: fetch ok
2026-10-09 12:28:52 INFO  scheduler: fetch ok
2026-10-09 12:35:05 INFO  http: parsed batch
2026-10-09 12:42:18 INFO  scheduler: cache hit
2026-10-09 12:49:31 INFO  scheduler: cache hit
2026-10-09 12:56:44 INFO  scheduler: fetch ok
2026-10-09 12:03:57 INFO  beta: heartbeat
2026-10-09 12:10:10 INFO  beta: heartbeat
2026-10-09 12:17:23 INFO  scheduler: retry scheduled
2026-10-09 12:24:36 INFO  beta: parsed batch
2026-10-09 12:31:49 INFO  scheduler: cache hit
2026-10-09 12:38:02 INFO  scheduler: connection reused
2026-10-09 12:45:15 INFO  beta: heartbeat
2026-10-09 12:52:28 INFO  beta: parsed batch
2026-10-09 12:59:41 INFO  beta: cache hit
2026-10-09 12:06:54 INFO  scheduler: heartbeat
2026-10-09 12:13:07 INFO  beta: cache hit
2026-10-09 12:20:20 INFO  acme-cache: parsed batch
2026-10-09 12:27:33 INFO  scheduler: cache hit
2026-10-09 12:34:46 INFO  http: parsed batch
2026-10-09 12:41:59 INFO  http: heartbeat
2026-10-09 12:48:12 INFO  beta: retry scheduled
2026-10-09 12:55:25 INFO  acme-cache: connection reused
2026-10-09 12:02:38 INFO  http: fetch ok
2026-10-09 12:09:51 INFO  scheduler: connection reused
2026-10-09 12:16:04 INFO  beta: cache hit
2026-10-09 12:23:17 INFO  http: parsed batch
2026-10-09 12:30:30 INFO  acme-cache: retry scheduled
2026-10-09 12:37:43 INFO  scheduler: fetch ok
2026-10-09 12:44:56 INFO  scheduler: parsed batch
2026-10-09 12:51:09 INFO  beta: connection reused
2026-10-09 12:58:22 INFO  beta: fetch ok
2026-10-09 12:05:35 INFO  beta: cache hit
2026-10-09 12:12:48 INFO  scheduler: retry scheduled
2026-10-09 12:19:01 INFO  scheduler: cache hit
2026-10-09 12:26:14 INFO  http: connection reused
2026-10-09 12:33:27 INFO  scheduler: connection reused
2026-10-09 12:40:40 INFO  scheduler: cache hit
2026-10-09 12:47:53 INFO  scheduler: fetch ok
2026-10-09 12:54:06 INFO  beta: fetch ok
2026-10-09 12:01:19 INFO  acme-cache: heartbeat
2026-10-09 12:08:32 INFO  beta: heartbeat
2026-10-09 12:15:45 INFO  scheduler: parsed batch
2026-10-09 12:22:58 INFO  acme-cache: heartbeat
2026-10-09 12:29:11 INFO  scheduler: connection reused
2026-10-09 12:36:24 INFO  beta: retry scheduled
2026-10-09 12:43:37 INFO  http: heartbeat
2026-10-09 12:50:50 INFO  http: parsed batch
2026-10-09 12:57:03 INFO  acme-cache: cache hit
2026-10-09 12:04:16 INFO  scheduler: cache hit
2026-10-09 12:11:29 INFO  scheduler: connection reused
2026-10-09 12:18:42 INFO  scheduler: fetch ok
2026-10-09 12:25:55 INFO  scheduler: heartbeat
2026-10-09 12:32:08 INFO  http: retry scheduled
2026-10-09 12:39:21 INFO  beta: retry scheduled
2026-10-09 12:46:34 INFO  beta: cache hit
2026-10-09 12:53:47 INFO  acme-cache: fetch ok
2026-10-09 12:00:00 INFO  beta: retry scheduled
2026-10-09 12:07:13 INFO  scheduler: cache hit
2026-10-09 12:14:26 INFO  scheduler: heartbeat
2026-10-09 12:21:39 INFO  scheduler: heartbeat
2026-10-09 12:28:52 INFO  beta: fetch ok
2026-10-09 12:35:05 INFO  beta: retry scheduled
2026-10-09 12:42:18 INFO  beta: connection reused
2026-10-09 12:49:31 INFO  beta: parsed batch
2026-10-09 12:56:44 INFO  beta: heartbeat
2026-10-09 12:03:57 INFO  acme-cache: cache hit
2026-10-09 12:10:10 INFO  beta: retry scheduled
2026-10-09 12:17:23 INFO  http: cache hit
2026-10-09 12:24:36 INFO  scheduler: retry scheduled
2026-10-09 12:31:49 INFO  beta: fetch ok
2026-10-09 12:38:02 INFO  beta: parsed batch
2026-10-09 12:45:15 INFO  acme-cache: fetch ok
2026-10-09 12:52:28 INFO  scheduler: connection reused
2026-10-09 12:59:41 INFO  acme-cache: cache hit
2026-10-09 12:06:54 INFO  scheduler: retry scheduled
2026-10-09 12:13:07 INFO  acme-cache: retry scheduled
2026-10-09 12:20:20 INFO  scheduler: retry scheduled
2026-10-09 12:27:33 INFO  beta: parsed batch
2026-10-09 12:34:46 INFO  acme-cache: retry scheduled
2026-10-09 12:41:59 INFO  http: connection reused
2026-10-09 12:48:12 INFO  scheduler: heartbeat
2026-10-09 12:55:25 INFO  beta: retry scheduled
2026-10-09 12:02:38 INFO  acme-cache: cache hit
2026-10-09 12:09:51 INFO  acme-cache: heartbeat
2026-10-09 12:16:04 INFO  beta: connection reused
2026-10-09 12:23:17 INFO  beta: heartbeat
2026-10-09 12:30:30 INFO  acme-cache: parsed batch
2026-10-09 12:37:43 INFO  beta: heartbeat
2026-10-09 12:44:56 INFO  acme-cache: fetch ok
2026-10-09 12:51:09 INFO  beta: parsed batch
2026-10-09 12:58:22 INFO  scheduler: connection reused
2026-10-09 12:05:35 INFO  acme-cache: cache hit
2026-10-09 12:12:48 INFO  scheduler: retry scheduled
2026-10-09 12:19:01 INFO  http: connection reused
2026-10-09 12:26:14 INFO  beta: cache hit
2026-10-09 12:33:27 INFO  beta: connection reused
2026-10-09 12:40:40 INFO  acme-cache: heartbeat
2026-10-09 12:47:53 INFO  scheduler: heartbeat
2026-10-09 12:54:06 INFO  acme-cache: connection reused
2026-10-09 12:01:19 INFO  scheduler: fetch ok
2026-10-09 12:08:32 INFO  beta: heartbeat
2026-10-09 12:15:45 INFO  beta: heartbeat
2026-10-09 12:22:58 INFO  http: connection reused
2026-10-09 12:29:11 INFO  scheduler: connection reused
2026-10-09 12:36:24 INFO  acme-cache: parsed batch
2026-10-09 12:43:37 INFO  beta: parsed batch
2026-10-09 12:50:50 INFO  http: heartbeat
2026-10-09 12:57:03 INFO  beta: parsed batch
2026-10-09 12:04:16 INFO  beta: parsed batch
2026-10-09 12:11:29 INFO  beta: cache hit
2026-10-09 12:18:42 INFO  scheduler: fetch ok
2026-10-09 12:25:55 INFO  acme-cache: cache hit
2026-10-09 12:32:08 INFO  beta: connection reused
2026-10-09 12:39:21 INFO  scheduler: connection reused
2026-10-09 12:46:34 INFO  http: connection reused
2026-10-09 12:53:47 INFO  beta: cache hit
2026-10-09 12:00:00 INFO  http: parsed batch
2026-10-09 12:07:13 INFO  http: retry scheduled
2026-10-09 12:14:26 INFO  beta: cache hit
2026-10-09 12:21:39 INFO  scheduler: cache hit
2026-10-09 12:28:52 INFO  beta: fetch ok
2026-10-09 12:35:05 INFO  acme-cache: cache hit
2026-10-09 12:42:18 INFO  beta: heartbeat
2026-10-09 12:49:31 INFO  beta: retry scheduled
2026-10-09 12:56:44 INFO  scheduler: connection reused
2026-10-09 12:03:57 INFO  acme-cache: fetch ok
2026-10-09 12:10:10 INFO  acme-cache: heartbeat
2026-10-09 12:17:23 INFO  beta: fetch ok
2026-10-09 12:24:36 INFO  acme-cache: cache hit
2026-10-09 12:31:49 INFO  http: parsed batch
2026-10-09 12:38:02 INFO  acme-cache: connection reused
2026-10-09 12:45:15 INFO  scheduler: cache hit
2026-10-09 12:52:28 INFO  http: cache hit
2026-10-09 12:59:41 INFO  acme-cache: connection reused
2026-10-09 12:06:54 INFO  beta: retry scheduled
2026-10-09 12:13:07 INFO  acme-cache: retry scheduled
2026-10-09 12:20:20 INFO  acme-cache: retry scheduled
2026-10-09 12:27:33 INFO  scheduler: cache hit
2026-10-09 12:34:46 INFO  acme-cache: fetch ok
2026-10-09 12:41:59 INFO  acme-cache: cache hit
2026-10-09 12:48:12 INFO  beta: heartbeat
2026-10-09 12:55:25 INFO  acme-cache: retry scheduled
2026-10-09 12:02:38 INFO  beta: cache hit
2026-10-09 12:09:51 INFO  beta: connection reused
2026-10-09 12:16:04 INFO  acme-cache: cache hit
2026-10-09 12:23:17 INFO  beta: heartbeat
2026-10-09 12:30:30 INFO  beta: parsed batch
2026-10-09 12:37:43 INFO  acme-cache: fetch ok
2026-10-09 12:44:56 INFO  http: parsed batch
2026-10-09 12:51:09 INFO  scheduler: cache hit
2026-10-09 12:58:22 INFO  acme-cache: heartbeat
2026-10-09 12:05:35 INFO  http: connection reused
2026-10-09 12:12:48 INFO  beta: cache hit
2026-10-09 12:19:01 INFO  scheduler: heartbeat
2026-10-09 12:26:14 INFO  acme-cache: heartbeat
2026-10-09 12:33:27 INFO  beta: parsed batch
2026-10-09 12:40:40 INFO  scheduler: cache hit
2026-10-09 12:47:53 INFO  beta: retry scheduled
2026-10-09 12:54:06 INFO  acme-cache: heartbeat
2026-10-09 12:01:19 INFO  beta: retry scheduled
2026-10-09 12:08:32 INFO  beta: retry scheduled
2026-10-09 12:15:45 INFO  beta: retry scheduled
2026-10-09 12:22:58 INFO  http: retry scheduled
2026-10-09 12:29:11 INFO  beta: heartbeat
2026-10-09 12:36:24 INFO  scheduler: cache hit
2026-10-09 12:43:37 INFO  scheduler: cache hit
2026-10-09 12:50:50 INFO  beta: retry scheduled
2026-10-09 12:57:03 INFO  beta: parsed batch
2026-10-09 12:04:16 INFO  http: parsed batch
2026-10-09 12:11:29 INFO  beta: fetch ok
2026-10-09 12:18:42 INFO  acme-cache: fetch ok
2026-10-09 12:25:55 INFO  beta: cache hit
2026-10-09 12:32:08 INFO  acme-cache: fetch ok
2026-10-09 12:39:21 INFO  scheduler: retry scheduled
2026-10-09 12:46:34 INFO  http: heartbeat
2026-10-09 12:53:47 INFO  beta: connection reused
2026-10-09 12:00:00 INFO  beta: heartbeat
2026-10-09 12:07:13 INFO  http: retry scheduled
2026-10-09 12:14:26 INFO  scheduler: retry scheduled
2026-10-09 12:21:39 INFO  acme-cache: retry scheduled
2026-10-09 12:28:52 INFO  http: cache hit
2026-10-09 12:35:05 INFO  scheduler: fetch ok
2026-10-09 12:42:18 INFO  scheduler: cache hit
2026-10-09 12:49:31 INFO  scheduler: retry scheduled
2026-10-09 12:56:44 INFO  acme-cache: fetch ok
2026-10-09 12:03:57 INFO  scheduler: parsed batch
2026-10-09 12:10:10 INFO  beta: retry scheduled
2026-10-09 12:17:23 INFO  http: heartbeat
2026-10-09 12:24:36 INFO  beta: connection reused
2026-10-09 12:31:49 INFO  scheduler: connection reused
2026-10-09 12:38:02 INFO  beta: heartbeat
2026-10-09 12:45:15 INFO  beta: cache hit
2026-10-09 12:52:28 INFO  beta: fetch ok
2026-10-09 12:59:41 INFO  beta: heartbeat
2026-10-09 12:06:54 INFO  acme-cache: cache hit
2026-10-09 12:13:07 INFO  beta: parsed batch
2026-10-09 13:20:20 INFO  beta: heartbeat
2026-10-09 13:27:33 INFO  beta: cache hit
2026-10-09 13:34:46 INFO  scheduler: parsed batch
2026-10-09 13:41:59 INFO  scheduler: cache hit
2026-10-09 13:48:12 INFO  acme-cache: cache hit
2026-10-09 13:55:25 INFO  http: fetch ok
2026-10-09 13:02:38 INFO  beta: parsed batch
2026-10-09 13:09:51 INFO  beta: fetch ok
2026-10-09 13:16:04 INFO  beta: cache hit
2026-10-09 13:23:17 INFO  http: parsed batch
2026-10-09 13:30:30 INFO  beta: connection reused
2026-10-09 13:37:43 INFO  beta: connection reused
2026-10-09 13:44:56 INFO  beta: heartbeat
2026-10-09 13:51:09 INFO  beta: heartbeat
2026-10-09 13:58:22 INFO  beta: fetch ok
2026-10-09 13:05:35 INFO  http: parsed batch
2026-10-09 13:12:48 INFO  scheduler: heartbeat
2026-10-09 13:19:01 INFO  acme-cache: cache hit
2026-10-09 13:26:14 INFO  beta: parsed batch
2026-10-09 13:33:27 INFO  http: cache hit
2026-10-09 13:40:40 INFO  http: fetch ok
2026-10-09 13:47:53 INFO  acme-cache: retry scheduled
2026-10-09 13:54:06 INFO  scheduler: retry scheduled
2026-10-09 13:01:19 INFO  beta: retry scheduled
2026-10-09 13:08:32 INFO  beta: fetch ok
2026-10-09 13:15:45 INFO  http: cache hit
2026-10-09 13:22:58 INFO  beta: parsed batch
2026-10-09 13:29:11 INFO  scheduler: cache hit
2026-10-09 13:36:24 INFO  beta: parsed batch
2026-10-09 13:43:37 INFO  scheduler: connection reused
2026-10-09 13:50:50 INFO  beta: heartbeat
2026-10-09 13:57:03 INFO  beta: parsed batch
2026-10-09 13:04:16 INFO  http: connection reused
2026-10-09 13:11:29 INFO  beta: parsed batch
2026-10-09 13:18:42 INFO  beta: parsed batch
2026-10-09 13:25:55 INFO  scheduler: retry scheduled
2026-10-09 13:32:08 INFO  beta: heartbeat
2026-10-09 13:39:21 INFO  scheduler: retry scheduled
2026-10-09 13:46:34 INFO  http: parsed batch
2026-10-09 13:53:47 INFO  acme-cache: cache hit
2026-10-09 13:00:00 INFO  beta: retry scheduled
2026-10-09 13:07:13 INFO  beta: parsed batch
2026-10-09 13:14:26 INFO  acme-cache: heartbeat
2026-10-09 13:21:39 INFO  beta: heartbeat
2026-10-09 13:28:52 INFO  http: heartbeat
2026-10-09 13:35:05 INFO  beta: heartbeat
2026-10-09 13:42:18 INFO  beta: retry scheduled
2026-10-09 13:49:31 INFO  beta: fetch ok
2026-10-09 13:56:44 INFO  acme-cache: retry scheduled
2026-10-09 13:03:57 INFO  acme-cache: retry scheduled
2026-10-09 13:10:10 INFO  beta: fetch ok
2026-10-09 13:17:23 INFO  scheduler: retry scheduled
2026-10-09 13:24:36 INFO  beta: fetch ok
2026-10-09 13:31:49 INFO  scheduler: parsed batch
2026-10-09 13:38:02 INFO  beta: parsed batch
2026-10-09 13:45:15 INFO  acme-cache: connection reused
2026-10-09 13:52:28 INFO  beta: retry scheduled
2026-10-09 13:59:41 INFO  http: connection reused
2026-10-09 13:06:54 INFO  http: parsed batch
2026-10-09 13:13:07 INFO  scheduler: retry scheduled
2026-10-09 13:20:20 INFO  beta: cache hit
2026-10-09 13:27:33 INFO  http: retry scheduled
2026-10-09 13:34:46 INFO  acme-cache: fetch ok
2026-10-09 13:41:59 INFO  beta: parsed batch
2026-10-09 13:48:12 INFO  beta: fetch ok
2026-10-09 13:55:25 INFO  acme-cache: connection reused
2026-10-09 13:02:38 INFO  http: heartbeat
2026-10-09 13:09:51 INFO  http: heartbeat
2026-10-09 13:16:04 INFO  beta: connection reused
2026-10-09 13:23:17 INFO  beta: connection reused
2026-10-09 13:30:30 INFO  acme-cache: heartbeat
2026-10-09 13:37:43 INFO  beta: parsed batch
2026-10-09 13:44:56 INFO  http: parsed batch
2026-10-09 13:51:09 INFO  http: fetch ok
2026-10-09 13:58:22 INFO  beta: cache hit
2026-10-09 13:05:35 INFO  scheduler: connection reused
2026-10-09 13:12:48 INFO  scheduler: fetch ok
2026-10-09 13:19:01 INFO  scheduler: retry scheduled
2026-10-09 13:26:14 INFO  http: heartbeat
2026-10-09 13:33:27 INFO  acme-cache: heartbeat
2026-10-09 13:40:40 INFO  scheduler: retry scheduled
2026-10-09 13:47:53 INFO  scheduler: cache hit
2026-10-09 13:54:06 INFO  acme-cache: cache hit
2026-10-09 13:01:19 INFO  http: fetch ok
2026-10-09 13:08:32 INFO  scheduler: fetch ok
2026-10-09 13:15:45 INFO  acme-cache: connection reused
2026-10-09 13:22:58 INFO  beta: parsed batch
2026-10-09 13:29:11 INFO  scheduler: parsed batch
2026-10-09 13:36:24 INFO  beta: heartbeat
2026-10-09 13:43:37 INFO  beta: cache hit
2026-10-09 13:50:50 INFO  beta: retry scheduled
2026-10-09 13:57:03 INFO  http: fetch ok
2026-10-09 13:04:16 INFO  beta: fetch ok
2026-10-09 13:11:29 INFO  acme-cache: parsed batch
2026-10-09 13:18:42 INFO  acme-cache: fetch ok
2026-10-09 13:25:55 INFO  beta: connection reused
2026-10-09 13:32:08 INFO  beta: parsed batch
2026-10-09 13:39:21 INFO  acme-cache: connection reused
2026-10-09 13:46:34 INFO  scheduler: parsed batch
2026-10-09 13:53:47 INFO  scheduler: fetch ok
2026-10-09 13:00:00 INFO  beta: retry scheduled
2026-10-09 13:07:13 INFO  acme-cache: fetch ok
2026-10-09 13:14:26 INFO  acme-cache: heartbeat
2026-10-09 13:21:39 INFO  scheduler: retry scheduled
2026-10-09 13:28:52 INFO  beta: parsed batch
2026-10-09 13:35:05 INFO  beta: fetch ok
2026-10-09 13:42:18 INFO  scheduler: connection reused
2026-10-09 13:49:31 INFO  http: parsed batch
2026-10-09 13:56:44 INFO  http: retry scheduled
2026-10-09 13:03:57 INFO  beta: connection reused
2026-10-09 13:10:10 INFO  http: fetch ok
2026-10-09 13:17:23 INFO  scheduler: parsed batch
2026-10-09 13:24:36 INFO  beta: heartbeat
2026-10-09 13:31:49 INFO  beta: heartbeat
2026-10-09 13:38:02 INFO  beta: parsed batch
2026-10-09 13:45:15 INFO  acme-cache: retry scheduled
2026-10-09 13:52:28 INFO  http: cache hit
2026-10-09 13:59:41 INFO  beta: parsed batch
2026-10-09 13:06:54 INFO  http: retry scheduled
2026-10-09 13:13:07 INFO  http: cache hit
2026-10-09 13:20:20 INFO  beta: cache hit
2026-10-09 13:27:33 INFO  http: fetch ok
2026-10-09 13:34:46 INFO  beta: cache hit
2026-10-09 13:41:59 INFO  scheduler: heartbeat
2026-10-09 13:48:12 INFO  beta: connection reused
2026-10-09 13:55:25 INFO  http: cache hit
2026-10-09 13:02:38 INFO  beta: parsed batch
2026-10-09 13:09:51 INFO  beta: cache hit
2026-10-09 13:16:04 INFO  http: retry scheduled
2026-10-09 13:23:17 INFO  beta: cache hit
2026-10-09 13:30:30 INFO  http: heartbeat
2026-10-09 13:37:43 INFO  beta: heartbeat
2026-10-09 13:44:56 INFO  acme-cache: cache hit
2026-10-09 13:51:09 INFO  http: connection reused
2026-10-09 13:58:22 INFO  acme-cache: parsed batch
2026-10-09 13:05:35 INFO  beta: cache hit
2026-10-09 13:12:48 INFO  acme-cache: connection reused
2026-10-09 13:19:01 INFO  scheduler: retry scheduled
2026-10-09 13:26:14 INFO  http: retry scheduled
2026-10-09 13:33:27 INFO  http: retry scheduled
2026-10-09 13:40:40 INFO  scheduler: retry scheduled
2026-10-09 13:47:53 INFO  beta: connection reused
2026-10-09 13:54:06 INFO  acme-cache: retry scheduled
2026-10-09 13:01:19 INFO  scheduler: cache hit
2026-10-09 13:08:32 INFO  scheduler: parsed batch
2026-10-09 13:15:45 INFO  scheduler: retry scheduled
2026-10-09 13:22:58 INFO  acme-cache: fetch ok
2026-10-09 13:29:11 INFO  scheduler: connection reused
2026-10-09 13:36:24 INFO  acme-cache: retry scheduled
2026-10-09 13:43:37 INFO  http: cache hit
2026-10-09 13:50:50 INFO  beta: parsed batch
2026-10-09 13:57:03 INFO  acme-cache: retry scheduled
2026-10-09 13:04:16 INFO  beta: cache hit
2026-10-09 13:11:29 INFO  scheduler: heartbeat
2026-10-09 13:18:42 INFO  http: heartbeat
2026-10-09 13:25:55 INFO  beta: retry scheduled
2026-10-09 13:32:08 INFO  beta: connection reused
2026-10-09 13:39:21 INFO  acme-cache: connection reused
2026-10-09 13:46:34 INFO  http: cache hit
2026-10-09 13:53:47 INFO  beta: connection reused
2026-10-09 13:00:00 INFO  scheduler: retry scheduled
2026-10-09 13:07:13 INFO  beta: cache hit
2026-10-09 13:14:26 INFO  beta: retry scheduled
2026-10-09 13:21:39 INFO  beta: cache hit
2026-10-09 13:28:52 INFO  http: parsed batch
2026-10-09 13:35:05 INFO  acme-cache: heartbeat
2026-10-09 13:42:18 INFO  beta: cache hit
2026-10-09 13:49:31 INFO  acme-cache: cache hit
2026-10-09 13:56:44 INFO  beta: connection reused
2026-10-09 13:03:57 INFO  http: connection reused
2026-10-09 13:10:10 INFO  beta: heartbeat
2026-10-09 13:17:23 INFO  beta: fetch ok
2026-10-09 13:24:36 INFO  beta: heartbeat
2026-10-09 13:31:49 INFO  acme-cache: heartbeat
2026-10-09 13:38:02 INFO  beta: connection reused
2026-10-09 13:45:15 INFO  http: parsed batch
2026-10-09 13:52:28 INFO  beta: retry scheduled
2026-10-09 13:59:41 INFO  scheduler: heartbeat
2026-10-09 13:06:54 INFO  acme-cache: parsed batch
2026-10-09 13:13:07 INFO  beta: cache hit
2026-10-09 13:20:20 INFO  acme-cache: fetch ok
2026-10-09 13:27:33 INFO  scheduler: connection reused
2026-10-09 13:34:46 INFO  acme-cache: heartbeat
2026-10-09 13:41:59 INFO  acme-cache: connection reused
2026-10-09 13:48:12 INFO  beta: connection reused
2026-10-09 13:55:25 INFO  beta: heartbeat
2026-10-09 13:02:38 INFO  acme-cache: cache hit
2026-10-09 13:09:51 INFO  acme-cache: cache hit
2026-10-09 13:16:04 INFO  http: fetch ok
2026-10-09 13:23:17 INFO  beta: fetch ok
2026-10-09 13:30:30 INFO  beta: heartbeat
2026-10-09 13:37:43 INFO  scheduler: cache hit
2026-10-09 13:44:56 INFO  http: retry scheduled
2026-10-09 13:51:09 INFO  scheduler: cache hit
2026-10-09 13:58:22 INFO  acme-cache: retry scheduled
2026-10-09 13:05:35 INFO  beta: connection reused
2026-10-09 13:12:48 INFO  http: heartbeat
2026-10-09 13:19:01 INFO  acme-cache: retry scheduled
2026-10-09 13:26:14 INFO  http: fetch ok
2026-10-09 13:33:27 INFO  http: retry scheduled
2026-10-09 13:40:40 INFO  beta: retry scheduled
2026-10-09 13:47:53 INFO  acme-cache: heartbeat
2026-10-09 13:54:06 INFO  http: parsed batch
2026-10-09 13:01:19 INFO  beta: heartbeat
2026-10-09 13:08:32 INFO  scheduler: heartbeat
2026-10-09 13:15:45 INFO  scheduler: retry scheduled
2026-10-09 13:22:58 INFO  beta: cache hit
2026-10-09 13:29:11 INFO  beta: fetch ok
2026-10-09 13:36:24 INFO  acme-cache: retry scheduled
2026-10-09 13:43:37 INFO  beta: heartbeat
2026-10-09 13:50:50 INFO  beta: retry scheduled
2026-10-09 13:57:03 INFO  beta: cache hit
2026-10-09 13:04:16 INFO  acme-cache: connection reused
2026-10-09 13:11:29 INFO  beta: heartbeat
2026-10-09 13:18:42 INFO  beta: parsed batch
2026-10-09 13:25:55 INFO  beta: heartbeat
2026-10-09 13:32:08 INFO  acme-cache: cache hit
2026-10-09 13:39:21 INFO  beta: retry scheduled
2026-10-09 13:46:34 INFO  scheduler: retry scheduled
2026-10-09 13:53:47 INFO  scheduler: parsed batch
2026-10-09 13:00:00 INFO  beta: retry scheduled
2026-10-09 13:07:13 INFO  acme-cache: parsed batch
2026-10-09 13:14:26 INFO  beta: heartbeat
2026-10-09 13:21:39 INFO  acme-cache: heartbeat
2026-10-09 13:28:52 INFO  beta: parsed batch
2026-10-09 13:35:05 INFO  acme-cache: fetch ok
2026-10-09 13:42:18 INFO  http: cache hit
2026-10-09 13:49:31 INFO  http: parsed batch
2026-10-09 13:56:44 INFO  beta: heartbeat
2026-10-09 13:03:57 INFO  http: connection reused
2026-10-09 13:10:10 INFO  http: fetch ok
2026-10-09 13:17:23 INFO  http: cache hit
2026-10-09 13:24:36 INFO  http: fetch ok
2026-10-09 13:31:49 INFO  beta: cache hit
2026-10-09 13:38:02 INFO  acme-cache: parsed batch
2026-10-09 13:45:15 INFO  beta: heartbeat
2026-10-09 13:52:28 INFO  beta: fetch ok
2026-10-09 13:59:41 INFO  beta: connection reused
2026-10-09 13:06:54 INFO  scheduler: cache hit
2026-10-09 13:13:07 INFO  acme-cache: fetch ok
2026-10-09 13:20:20 INFO  beta: connection reused
2026-10-09 13:27:33 INFO  acme-cache: connection reused
2026-10-09 13:34:46 INFO  beta: cache hit
2026-10-09 13:41:59 INFO  acme-cache: cache hit
2026-10-09 13:48:12 INFO  beta: parsed batch
2026-10-09 13:55:25 INFO  scheduler: connection reused
2026-10-09 13:02:38 INFO  beta: cache hit
2026-10-09 13:09:51 INFO  acme-cache: cache hit
2026-10-09 13:16:04 INFO  http: fetch ok
2026-10-09 13:23:17 INFO  acme-cache: fetch ok
2026-10-09 13:30:30 INFO  acme-cache: connection reused
2026-10-09 13:37:43 INFO  http: parsed batch
2026-10-09 13:44:56 INFO  acme-cache: heartbeat
2026-10-09 13:51:09 INFO  http: heartbeat
2026-10-09 13:58:22 INFO  acme-cache: parsed batch
2026-10-09 13:05:35 INFO  acme-cache: retry scheduled
2026-10-09 13:12:48 INFO  beta: cache hit
2026-10-09 13:19:01 INFO  beta: connection reused
2026-10-09 13:26:14 INFO  beta: connection reused
2026-10-09 13:33:27 INFO  scheduler: fetch ok
2026-10-09 13:40:40 INFO  beta: heartbeat
2026-10-09 13:47:53 INFO  acme-cache: heartbeat
2026-10-09 13:54:06 INFO  http: retry scheduled
2026-10-09 13:01:19 INFO  scheduler: heartbeat
2026-10-09 13:08:32 INFO  http: fetch ok
2026-10-09 13:15:45 INFO  beta: retry scheduled
2026-10-09 13:22:58 INFO  beta: connection reused
2026-10-09 13:29:11 INFO  beta: connection reused
2026-10-09 13:36:24 INFO  scheduler: connection reused
2026-10-09 13:43:37 INFO  http: connection reused
2026-10-09 13:50:50 INFO  beta: retry scheduled
2026-10-09 13:57:03 INFO  beta: retry scheduled
2026-10-09 13:04:16 INFO  beta: connection reused
2026-10-09 13:11:29 INFO  beta: retry scheduled
2026-10-09 13:18:42 INFO  scheduler: heartbeat
2026-10-09 13:25:55 INFO  beta: retry scheduled
2026-10-09 13:32:08 INFO  http: connection reused
2026-10-09 13:39:21 INFO  http: parsed batch
2026-10-09 13:46:34 INFO  scheduler: cache hit
2026-10-09 13:53:47 INFO  beta: retry scheduled
2026-10-09 13:00:00 INFO  acme-cache: cache hit
2026-10-09 13:07:13 INFO  http: connection reused
2026-10-09 13:14:26 INFO  scheduler: fetch ok
2026-10-09 13:21:39 INFO  acme-cache: parsed batch
2026-10-09 13:28:52 INFO  beta: connection reused
2026-10-09 13:35:05 INFO  http: parsed batch
2026-10-09 13:42:18 INFO  beta: heartbeat
2026-10-09 13:49:31 INFO  http: connection reused
2026-10-09 13:56:44 INFO  http: cache hit
2026-10-09 13:03:57 INFO  beta: connection reused
2026-10-09 13:10:10 INFO  scheduler: heartbeat
2026-10-09 13:17:23 INFO  http: retry scheduled
2026-10-09 13:24:36 INFO  beta: cache hit
2026-10-09 13:31:49 INFO  scheduler: connection reused
2026-10-09 13:38:02 INFO  scheduler: cache hit
2026-10-09 13:45:15 INFO  http: fetch ok
2026-10-09 13:52:28 INFO  scheduler: fetch ok
2026-10-09 13:59:41 INFO  beta: parsed batch
2026-10-09 13:06:54 INFO  beta: fetch ok
2026-10-09 13:13:07 INFO  http: parsed batch
2026-10-09 13:20:20 INFO  acme-cache: retry scheduled
2026-10-09 13:27:33 INFO  acme-cache: connection reused
2026-10-09 13:34:46 INFO  scheduler: connection reused
2026-10-09 13:41:59 INFO  beta: parsed batch
2026-10-09 13:48:12 INFO  http: heartbeat
2026-10-09 13:55:25 INFO  scheduler: heartbeat
2026-10-09 13:02:38 INFO  acme-cache: heartbeat
2026-10-09 13:09:51 INFO  http: heartbeat
2026-10-09 13:16:04 INFO  acme-cache: parsed batch
2026-10-09 13:23:17 INFO  beta: parsed batch
2026-10-09 13:30:30 INFO  beta: parsed batch
2026-10-09 13:37:43 INFO  beta: heartbeat
2026-10-09 13:44:56 INFO  acme-cache: connection reused
2026-10-09 13:51:09 INFO  beta: heartbeat
2026-10-09 13:58:22 INFO  scheduler: connection reused
2026-10-09 13:05:35 INFO  beta: retry scheduled
2026-10-09 13:12:48 INFO  beta: retry scheduled
2026-10-09 13:19:01 INFO  beta: cache hit
2026-10-09 13:26:14 INFO  beta: parsed batch
2026-10-09 13:33:27 INFO  acme-cache: cache hit
2026-10-09 13:40:40 INFO  beta: fetch ok
2026-10-09 13:47:53 INFO  http: parsed batch
2026-10-09 13:54:06 INFO  acme-cache: connection reused
2026-10-09 13:01:19 INFO  http: parsed batch
2026-10-09 13:08:32 INFO  http: connection reused
2026-10-09 13:15:45 INFO  acme-cache: connection reused
2026-10-09 13:22:58 INFO  http: connection reused
2026-10-09 13:29:11 INFO  beta: parsed batch
2026-10-09 13:36:24 INFO  scheduler: parsed batch
2026-10-09 13:43:37 INFO  acme-cache: parsed batch
2026-10-09 13:50:50 INFO  beta: fetch ok
2026-10-09 13:57:03 INFO  scheduler: heartbeat
2026-10-09 13:04:16 INFO  acme-cache: retry scheduled
2026-10-09 13:11:29 INFO  http: fetch ok
2026-10-09 13:18:42 INFO  scheduler: retry scheduled
2026-10-09 13:25:55 INFO  beta: cache hit
2026-10-09 13:32:08 INFO  acme-cache: connection reused
2026-10-09 13:39:21 INFO  http: heartbeat
2026-10-09 13:46:34 INFO  beta: cache hit
2026-10-09 13:53:47 INFO  beta: heartbeat
2026-10-09 13:00:00 INFO  acme-cache: cache hit
2026-10-09 13:07:13 INFO  scheduler: heartbeat
2026-10-09 13:14:26 INFO  beta: cache hit
2026-10-09 13:21:39 INFO  acme-cache: connection reused
2026-10-09 13:28:52 INFO  acme-cache: cache hit
2026-10-09 13:35:05 INFO  beta: retry scheduled
2026-10-09 13:42:18 INFO  beta: heartbeat
2026-10-09 13:49:31 INFO  beta: parsed batch
2026-10-09 13:56:44 INFO  http: connection reused
2026-10-09 13:03:57 INFO  acme-cache: retry scheduled
2026-10-09 13:10:10 INFO  http: fetch ok
2026-10-09 13:17:23 INFO  beta: cache hit
2026-10-09 13:24:36 INFO  beta: parsed batch
2026-10-09 13:31:49 INFO  http: cache hit
2026-10-09 13:38:02 INFO  acme-cache: cache hit
2026-10-09 13:45:15 INFO  http: fetch ok
2026-10-09 13:52:28 INFO  beta: heartbeat
2026-10-09 13:59:41 INFO  acme-cache: connection reused
2026-10-09 13:06:54 INFO  http: connection reused
2026-10-09 13:13:07 INFO  acme-cache: fetch ok
2026-10-09 13:20:20 INFO  http: heartbeat
2026-10-09 13:27:33 INFO  scheduler: heartbeat
2026-10-09 13:34:46 INFO  acme-cache: fetch ok
2026-10-09 13:41:59 INFO  acme-cache: parsed batch
2026-10-09 13:48:12 INFO  beta: cache hit
2026-10-09 13:55:25 INFO  acme-cache: fetch ok
2026-10-09 13:02:38 INFO  acme-cache: fetch ok
2026-10-09 13:09:51 INFO  http: fetch ok
2026-10-09 13:16:04 INFO  beta: heartbeat
2026-10-09 13:23:17 INFO  http: connection reused
2026-10-09 13:30:30 INFO  scheduler: fetch ok
2026-10-09 13:37:43 INFO  http: cache hit
2026-10-09 13:44:56 INFO  beta: heartbeat
2026-10-09 13:51:09 INFO  acme-cache: cache hit
2026-10-09 13:58:22 INFO  beta: retry scheduled
2026-10-09 13:05:35 INFO  beta: connection reused
2026-10-09 13:12:48 INFO  scheduler: parsed batch
2026-10-09 13:19:01 INFO  beta: retry scheduled
2026-10-09 13:26:14 INFO  http: cache hit
2026-10-09 13:33:27 INFO  http: cache hit
2026-10-09 13:40:40 INFO  scheduler: connection reused
2026-10-09 13:47:53 INFO  acme-cache: parsed batch
2026-10-09 13:54:06 INFO  http: heartbeat
2026-10-09 13:01:19 INFO  http: retry scheduled
2026-10-09 13:08:32 INFO  beta: fetch ok
2026-10-09 13:15:45 INFO  http: heartbeat
2026-10-09 13:22:58 INFO  http: fetch ok
2026-10-09 13:29:11 INFO  beta: parsed batch
2026-10-09 13:36:24 INFO  acme-cache: retry scheduled
2026-10-09 13:43:37 INFO  scheduler: parsed batch
2026-10-09 13:50:50 INFO  http: cache hit
2026-10-09 13:57:03 INFO  scheduler: retry scheduled
2026-10-09 13:04:16 INFO  beta: connection reused
2026-10-09 13:11:29 INFO  beta: connection reused
2026-10-09 13:18:42 INFO  http: retry scheduled
2026-10-09 13:25:55 INFO  beta: cache hit
2026-10-09 13:32:08 INFO  scheduler: heartbeat
2026-10-09 13:39:21 INFO  beta: connection reused
2026-10-09 13:46:34 INFO  beta: fetch ok
2026-10-09 13:53:47 INFO  http: cache hit
2026-10-09 14:00:00 INFO  acme-cache: fetch ok
2026-10-09 14:07:13 INFO  beta: parsed batch
2026-10-09 14:14:26 INFO  acme-cache: retry scheduled
2026-10-09 14:21:39 INFO  beta: heartbeat
2026-10-09 14:28:52 INFO  beta: parsed batch
2026-10-09 14:35:05 INFO  beta: fetch ok
2026-10-09 14:42:18 INFO  beta: fetch ok
2026-10-09 14:49:31 INFO  beta: retry scheduled
2026-10-09 14:56:44 INFO  beta: parsed batch
2026-10-09 14:03:57 INFO  http: fetch ok
2026-10-09 14:10:10 INFO  acme-cache: parsed batch
2026-10-09 14:17:23 INFO  acme-cache: parsed batch
2026-10-09 14:24:36 INFO  beta: parsed batch
2026-10-09 14:31:49 INFO  scheduler: connection reused
2026-10-09 14:38:02 INFO  beta: cache hit
2026-10-09 14:45:15 INFO  scheduler: parsed batch
2026-10-09 14:52:28 INFO  beta: heartbeat
2026-10-09 14:59:41 INFO  beta: connection reused
2026-10-09 14:06:54 INFO  beta: parsed batch
2026-10-09 14:13:07 INFO  http: parsed batch
2026-10-09 14:20:20 INFO  beta: fetch ok
2026-10-09 14:27:33 INFO  beta: connection reused
2026-10-09 14:34:46 INFO  acme-cache: retry scheduled
2026-10-09 14:41:59 INFO  beta: heartbeat
2026-10-09 14:48:12 INFO  scheduler: parsed batch
2026-10-09 14:55:25 INFO  scheduler: parsed batch
2026-10-09 14:02:38 INFO  beta: heartbeat
2026-10-09 14:09:51 INFO  scheduler: parsed batch
2026-10-09 14:16:04 INFO  beta: parsed batch
2026-10-09 14:23:17 INFO  acme-cache: heartbeat
2026-10-09 14:30:30 INFO  beta: heartbeat
2026-10-09 14:37:43 INFO  http: retry scheduled
2026-10-09 14:44:56 INFO  acme-cache: cache hit
2026-10-09 14:51:09 INFO  beta: heartbeat
2026-10-09 14:58:22 INFO  beta: retry scheduled
2026-10-09 14:05:35 INFO  scheduler: connection reused
2026-10-09 14:12:48 INFO  scheduler: heartbeat
2026-10-09 14:19:01 INFO  scheduler: parsed batch
2026-10-09 14:26:14 INFO  http: connection reused
2026-10-09 14:33:27 INFO  beta: retry scheduled
2026-10-09 14:40:40 INFO  beta: cache hit
2026-10-09 14:47:53 INFO  acme-cache: fetch ok
2026-10-09 14:54:06 INFO  beta: cache hit
2026-10-09 14:01:19 INFO  beta: parsed batch
2026-10-09 14:08:32 INFO  beta: connection reused
2026-10-09 14:15:45 INFO  scheduler: connection reused
2026-10-09 14:22:58 INFO  scheduler: fetch ok
2026-10-09 14:29:11 INFO  scheduler: fetch ok
2026-10-09 14:36:24 INFO  http: fetch ok
2026-10-09 14:43:37 INFO  http: parsed batch
2026-10-09 14:50:50 INFO  beta: fetch ok
2026-10-09 14:57:03 INFO  http: connection reused
2026-10-09 14:04:16 INFO  beta: retry scheduled
2026-10-09 14:11:29 INFO  acme-cache: parsed batch
2026-10-09 14:18:42 INFO  acme-cache: retry scheduled
2026-10-09 14:25:55 INFO  acme-cache: connection reused
2026-10-09 14:32:08 INFO  http: retry scheduled
2026-10-09 14:39:21 INFO  http: cache hit
2026-10-09 14:46:34 INFO  beta: fetch ok
2026-10-09 14:53:47 INFO  beta: cache hit
2026-10-09 14:00:00 INFO  http: fetch ok
2026-10-09 14:07:13 INFO  beta: connection reused
2026-10-09 14:14:26 INFO  acme-cache: fetch ok
2026-10-09 14:21:39 INFO  http: connection reused
2026-10-09 14:28:52 INFO  beta: fetch ok
2026-10-09 14:35:05 INFO  scheduler: heartbeat
2026-10-09 14:42:18 INFO  scheduler: connection reused
2026-10-09 14:49:31 INFO  scheduler: cache hit
2026-10-09 14:56:44 INFO  beta: connection reused
2026-10-09 14:03:57 INFO  http: connection reused
2026-10-09 14:10:10 INFO  scheduler: retry scheduled
2026-10-09 14:17:23 INFO  http: fetch ok
2026-10-09 14:24:36 INFO  beta: connection reused
2026-10-09 14:31:49 INFO  scheduler: cache hit
2026-10-09 14:38:02 INFO  http: cache hit
2026-10-09 14:45:15 INFO  http: parsed batch
2026-10-09 14:52:28 INFO  beta: cache hit
2026-10-09 14:59:41 INFO  acme-cache: cache hit
2026-10-09 14:06:54 INFO  beta: fetch ok
2026-10-09 14:13:07 INFO  beta: parsed batch
2026-10-09 14:20:20 INFO  beta: heartbeat
2026-10-09 14:27:33 INFO  scheduler: fetch ok
2026-10-09 14:34:46 INFO  scheduler: fetch ok
2026-10-09 14:41:59 INFO  beta: cache hit
2026-10-09 14:48:12 INFO  beta: parsed batch
2026-10-09 14:55:25 INFO  beta: heartbeat
2026-10-09 14:02:38 INFO  http: retry scheduled
2026-10-09 14:09:51 INFO  scheduler: retry scheduled
2026-10-09 14:16:04 INFO  beta: connection reused
2026-10-09 14:23:17 INFO  acme-cache: heartbeat
2026-10-09 14:30:30 INFO  beta: connection reused
2026-10-09 14:37:43 INFO  http: parsed batch
2026-10-09 14:44:56 INFO  http: heartbeat
2026-10-09 14:51:09 INFO  beta: heartbeat
2026-10-09 14:58:22 INFO  beta: fetch ok
2026-10-09 14:05:35 INFO  beta: retry scheduled
2026-10-09 14:12:48 INFO  beta: retry scheduled
2026-10-09 14:19:01 INFO  acme-cache: cache hit
2026-10-09 14:26:14 INFO  scheduler: fetch ok
2026-10-09 14:33:27 INFO  acme-cache: parsed batch
2026-10-09 14:40:40 INFO  beta: heartbeat
2026-10-09 14:47:53 INFO  scheduler: retry scheduled
2026-10-09 14:54:06 INFO  acme-cache: heartbeat
2026-10-09 14:01:19 INFO  beta: retry scheduled
2026-10-09 14:08:32 INFO  acme-cache: parsed batch
2026-10-09 14:15:45 INFO  beta: connection reused
2026-10-09 14:22:58 INFO  scheduler: connection reused
2026-10-09 14:29:11 INFO  beta: cache hit
2026-10-09 14:36:24 INFO  beta: cache hit
2026-10-09 14:43:37 INFO  scheduler: heartbeat
2026-10-09 14:50:50 INFO  beta: parsed batch
2026-10-09 14:57:03 INFO  http: parsed batch
2026-10-09 14:04:16 INFO  beta: fetch ok
2026-10-09 14:11:29 INFO  beta: fetch ok
2026-10-09 14:18:42 INFO  acme-cache: heartbeat
2026-10-09 14:25:55 INFO  beta: parsed batch
2026-10-09 14:32:08 INFO  beta: connection reused
2026-10-09 14:39:21 INFO  beta: connection reused
2026-10-09 14:46:34 INFO  http: fetch ok
2026-10-09 14:53:47 INFO  beta: fetch ok
2026-10-09 14:00:00 INFO  beta: heartbeat
2026-10-09 14:07:13 INFO  http: retry scheduled
2026-10-09 14:14:26 INFO  http: heartbeat
2026-10-09 14:21:39 INFO  scheduler: parsed batch
2026-10-09 14:28:52 INFO  beta: cache hit
2026-10-09 14:35:05 INFO  acme-cache: retry scheduled
2026-10-09 14:42:18 INFO  acme-cache: connection reused
2026-10-09 14:49:31 INFO  scheduler: retry scheduled
2026-10-09 14:56:44 INFO  scheduler: cache hit
2026-10-09 14:03:57 INFO  http: parsed batch
2026-10-09 14:10:10 INFO  beta: cache hit
2026-10-09 14:17:23 INFO  beta: heartbeat
2026-10-09 14:24:36 INFO  beta: parsed batch
2026-10-09 14:31:49 INFO  acme-cache: heartbeat
2026-10-09 14:38:02 INFO  http: heartbeat
2026-10-09 14:45:15 INFO  http: cache hit
2026-10-09 14:52:28 INFO  beta: connection reused
2026-10-09 14:59:41 INFO  http: connection reused
2026-10-09 14:06:54 INFO  beta: fetch ok
2026-10-09 14:13:07 INFO  beta: retry scheduled
2026-10-09 14:20:20 INFO  beta: fetch ok
2026-10-09 14:27:33 INFO  beta: parsed batch
2026-10-09 14:34:46 INFO  beta: fetch ok
2026-10-09 14:41:59 INFO  http: cache hit
2026-10-09 14:48:12 INFO  acme-cache: parsed batch
2026-10-09 14:55:25 INFO  beta: parsed batch
2026-10-09 14:02:38 INFO  beta: cache hit
2026-10-09 14:09:51 INFO  beta: cache hit
2026-10-09 14:16:04 INFO  beta: parsed batch
2026-10-09 14:23:17 INFO  acme-cache: cache hit
2026-10-09 14:30:30 INFO  acme-cache: cache hit
2026-10-09 14:37:43 INFO  beta: fetch ok
2026-10-09 14:44:56 INFO  http: cache hit
2026-10-09 14:51:09 INFO  http: parsed batch
2026-10-09 14:58:22 INFO  beta: connection reused
2026-10-09 14:05:35 INFO  beta: fetch ok
2026-10-09 14:12:48 INFO  scheduler: parsed batch
2026-10-09 14:19:01 INFO  beta: parsed batch
2026-10-09 14:26:14 INFO  beta: fetch ok
2026-10-09 14:33:27 INFO  http: parsed batch
2026-10-09 14:40:40 INFO  http: fetch ok
2026-10-09 14:47:53 INFO  beta: cache hit
2026-10-09 14:54:06 INFO  beta: heartbeat
2026-10-09 14:01:19 INFO  http: connection reused
2026-10-09 14:08:32 INFO  beta: connection reused
2026-10-09 14:15:45 INFO  http: heartbeat
2026-10-09 14:22:58 INFO  scheduler: heartbeat
2026-10-09 14:29:11 INFO  beta: connection reused
2026-10-09 14:36:24 INFO  beta: retry scheduled
2026-10-09 14:43:37 INFO  http: cache hit
2026-10-09 14:50:50 INFO  beta: fetch ok
2026-10-09 14:57:03 INFO  beta: parsed batch
2026-10-09 14:04:16 INFO  acme-cache: fetch ok
2026-10-09 14:11:29 INFO  beta: heartbeat
2026-10-09 14:18:42 INFO  scheduler: cache hit
2026-10-09 14:25:55 INFO  beta: cache hit
2026-10-09 14:32:08 INFO  scheduler: heartbeat
2026-10-09 14:39:21 INFO  beta: connection reused
2026-10-09 14:46:34 INFO  scheduler: retry scheduled
2026-10-09 14:53:47 INFO  acme-cache: parsed batch
2026-10-09 14:00:00 INFO  scheduler: fetch ok
2026-10-09 14:07:13 INFO  scheduler: heartbeat
2026-10-09 14:14:26 INFO  beta: retry scheduled
2026-10-09 14:21:39 INFO  beta: cache hit
2026-10-09 14:28:52 INFO  beta: connection reused
2026-10-09 14:35:05 INFO  beta: heartbeat
2026-10-09 14:42:18 INFO  beta: parsed batch
2026-10-09 14:49:31 INFO  http: retry scheduled
2026-10-09 14:56:44 INFO  beta: retry scheduled
2026-10-09 14:03:57 INFO  beta: retry scheduled
2026-10-09 14:10:10 INFO  scheduler: fetch ok
2026-10-09 14:17:23 INFO  scheduler: cache hit
2026-10-09 14:24:36 INFO  acme-cache: connection reused
2026-10-09 14:31:49 INFO  beta: retry scheduled
2026-10-09 14:38:02 INFO  beta: heartbeat
2026-10-09 14:45:15 INFO  http: fetch ok
2026-10-09 14:52:28 INFO  beta: connection reused
2026-10-09 14:59:41 INFO  beta: heartbeat
2026-10-09 14:06:54 INFO  http: heartbeat
2026-10-09 14:13:07 INFO  beta: fetch ok
2026-10-09 14:20:20 INFO  acme-cache: retry scheduled
2026-10-09 14:27:33 INFO  http: parsed batch
2026-10-09 14:34:46 INFO  http: cache hit
2026-10-09 14:41:59 INFO  acme-cache: connection reused
2026-10-09 14:48:12 INFO  scheduler: heartbeat
2026-10-09 14:55:25 INFO  scheduler: heartbeat
2026-10-09 14:02:38 INFO  http: connection reused
2026-10-09 14:09:51 INFO  beta: connection reused
2026-10-09 14:16:04 INFO  http: connection reused
2026-10-09 14:23:17 INFO  beta: cache hit
2026-10-09 14:30:30 INFO  beta: retry scheduled
2026-10-09 14:37:43 INFO  beta: heartbeat
2026-10-09 14:44:56 INFO  scheduler: parsed batch
2026-10-09 14:51:09 INFO  beta: parsed batch
2026-10-09 14:58:22 INFO  scheduler: retry scheduled
2026-10-09 14:05:35 INFO  beta: parsed batch
2026-10-09 14:12:48 INFO  scheduler: parsed batch
2026-10-09 14:19:01 INFO  acme-cache: connection reused
2026-10-09 14:26:14 INFO  acme-cache: parsed batch
2026-10-09 14:33:27 INFO  acme-cache: connection reused
2026-10-09 14:40:40 INFO  scheduler: connection reused
2026-10-09 14:47:53 INFO  beta: parsed batch
2026-10-09 14:54:06 INFO  scheduler: cache hit
2026-10-09 14:01:19 INFO  http: fetch ok
2026-10-09 14:08:32 INFO  scheduler: retry scheduled
2026-10-09 14:15:45 INFO  http: cache hit
2026-10-09 14:22:58 INFO  acme-cache: fetch ok
2026-10-09 14:29:11 INFO  scheduler: parsed batch
2026-10-09 14:36:24 INFO  beta: fetch ok
2026-10-09 14:43:37 INFO  beta: parsed batch
2026-10-09 14:50:50 INFO  scheduler: cache hit
2026-10-09 14:57:03 INFO  scheduler: heartbeat
2026-10-09 14:04:16 INFO  acme-cache: heartbeat
2026-10-09 14:11:29 INFO  acme-cache: parsed batch
2026-10-09 14:18:42 INFO  http: retry scheduled
2026-10-09 14:25:55 INFO  scheduler: fetch ok
2026-10-09 14:32:08 INFO  http: fetch ok
2026-10-09 14:39:21 INFO  acme-cache: cache hit
2026-10-09 14:46:34 INFO  beta: cache hit
2026-10-09 14:53:47 INFO  acme-cache: cache hit
2026-10-09 14:00:00 INFO  scheduler: parsed batch
2026-10-09 14:07:13 INFO  http: fetch ok
2026-10-09 14:14:26 INFO  beta: retry scheduled
2026-10-09 14:21:39 INFO  beta: cache hit
2026-10-09 14:28:52 INFO  beta: parsed batch
2026-10-09 14:35:05 INFO  acme-cache: parsed batch
2026-10-09 14:42:18 INFO  beta: heartbeat
2026-10-09 14:49:31 INFO  scheduler: heartbeat
2026-10-09 14:56:44 INFO  http: heartbeat
2026-10-09 14:03:57 INFO  beta: connection reused
2026-10-09 14:10:10 INFO  http: heartbeat
2026-10-09 14:17:23 INFO  beta: cache hit
2026-10-09 14:24:36 INFO  beta: connection reused
2026-10-09 14:31:49 INFO  beta: heartbeat
2026-10-09 14:38:02 INFO  http: heartbeat
2026-10-09 14:45:15 INFO  beta: connection reused
2026-10-09 14:52:28 INFO  acme-cache: cache hit
2026-10-09 14:59:41 INFO  scheduler: connection reused
2026-10-09 14:06:54 INFO  scheduler: cache hit
2026-10-09 14:13:07 INFO  scheduler: heartbeat
2026-10-09 14:20:20 INFO  acme-cache: retry scheduled
2026-10-09 14:27:33 INFO  acme-cache: heartbeat
2026-10-09 14:34:46 INFO  beta: retry scheduled
2026-10-09 14:41:59 INFO  scheduler: cache hit
2026-10-09 14:48:12 INFO  beta: parsed batch
2026-10-09 14:55:25 INFO  http: fetch ok
2026-10-09 14:02:38 INFO  beta: parsed batch
2026-10-09 14:09:51 INFO  beta: parsed batch
2026-10-09 14:16:04 INFO  http: connection reused
2026-10-09 14:23:17 INFO  acme-cache: fetch ok
2026-10-09 14:30:30 INFO  beta: fetch ok
2026-10-09 14:37:43 INFO  acme-cache: parsed batch
2026-10-09 14:44:56 INFO  beta: parsed batch
2026-10-09 14:51:09 INFO  beta: parsed batch
2026-10-09 14:58:22 INFO  acme-cache: cache hit
2026-10-09 14:05:35 INFO  beta: parsed batch
2026-10-09 14:12:48 INFO  beta: fetch ok
2026-10-09 14:19:01 INFO  beta: connection reused
2026-10-09 14:26:14 INFO  beta: heartbeat
2026-10-09 14:33:27 INFO  scheduler: heartbeat
2026-10-09 14:40:40 INFO  beta: retry scheduled
2026-10-09 14:47:53 INFO  scheduler: cache hit
2026-10-09 14:54:06 INFO  scheduler: fetch ok
2026-10-09 14:01:19 INFO  beta: parsed batch
2026-10-09 14:08:32 INFO  acme-cache: connection reused
2026-10-09 14:15:45 INFO  beta: heartbeat
2026-10-09 14:22:58 INFO  http: cache hit
2026-10-09 14:29:11 INFO  beta: cache hit
2026-10-09 14:36:24 INFO  http: fetch ok
2026-10-09 14:43:37 INFO  acme-cache: connection reused
2026-10-09 14:50:50 INFO  beta: retry scheduled
2026-10-09 14:57:03 INFO  beta: heartbeat
2026-10-09 14:04:16 INFO  http: heartbeat
2026-10-09 14:11:29 INFO  scheduler: retry scheduled
2026-10-09 14:18:42 INFO  scheduler: fetch ok
2026-10-09 14:25:55 INFO  beta: retry scheduled
2026-10-09 14:32:08 INFO  http: cache hit
2026-10-09 14:39:21 INFO  acme-cache: cache hit
2026-10-09 14:46:34 INFO  beta: cache hit
2026-10-09 14:53:47 INFO  scheduler: fetch ok
2026-10-09 14:00:00 INFO  beta: parsed batch
2026-10-09 14:07:13 INFO  acme-cache: parsed batch
2026-10-09 14:14:26 INFO  beta: cache hit
2026-10-09 14:21:39 INFO  beta: retry scheduled
2026-10-09 14:28:52 INFO  beta: heartbeat
2026-10-09 14:35:05 INFO  beta: parsed batch
2026-10-09 14:42:18 INFO  beta: fetch ok
2026-10-09 14:49:31 INFO  acme-cache: parsed batch
2026-10-09 14:56:44 INFO  acme-cache: heartbeat
2026-10-09 14:03:57 INFO  scheduler: retry scheduled
2026-10-09 14:10:10 INFO  beta: retry scheduled
2026-10-09 14:17:23 INFO  acme-cache: parsed batch
2026-10-09 14:24:36 INFO  beta: heartbeat
2026-10-09 14:31:49 INFO  scheduler: fetch ok
2026-10-09 14:38:02 INFO  beta: fetch ok
2026-10-09 14:45:15 INFO  scheduler: retry scheduled
2026-10-09 14:52:28 INFO  beta: connection reused
2026-10-09 14:59:41 INFO  beta: retry scheduled
2026-10-09 14:06:54 INFO  beta: fetch ok
2026-10-09 14:13:07 INFO  acme-cache: fetch ok
2026-10-09 14:20:20 INFO  beta: parsed batch
2026-10-09 14:27:33 INFO  http: cache hit
2026-10-09 14:34:46 INFO  beta: connection reused
2026-10-09 14:41:59 INFO  beta: heartbeat
2026-10-09 14:48:12 INFO  beta: heartbeat
2026-10-09 14:55:25 INFO  http: fetch ok
2026-10-09 14:02:38 INFO  scheduler: heartbeat
2026-10-09 14:09:51 INFO  scheduler: cache hit
2026-10-09 14:16:04 INFO  beta: cache hit
2026-10-09 14:23:17 INFO  beta: fetch ok
2026-10-09 14:30:30 INFO  scheduler: fetch ok
2026-10-09 14:37:43 INFO  acme-cache: fetch ok
2026-10-09 14:44:56 INFO  beta: cache hit
2026-10-09 14:51:09 INFO  http: connection reused
2026-10-09 14:58:22 INFO  http: fetch ok
2026-10-09 14:05:35 INFO  acme-cache: cache hit
2026-10-09 14:12:48 INFO  beta: connection reused
2026-10-09 14:19:01 INFO  scheduler: retry scheduled
2026-10-09 14:26:14 INFO  http: parsed batch
2026-10-09 14:33:27 INFO  beta: retry scheduled
2026-10-09 14:40:40 INFO  beta: connection reused
2026-10-09 14:47:53 INFO  beta: fetch ok
2026-10-09 14:54:06 INFO  http: retry scheduled
2026-10-09 14:01:19 INFO  http: connection reused
2026-10-09 14:08:32 INFO  beta: fetch ok
2026-10-09 14:15:45 INFO  beta: retry scheduled
2026-10-09 14:22:58 INFO  acme-cache: heartbeat
2026-10-09 14:29:11 INFO  acme-cache: retry scheduled
2026-10-09 14:36:24 INFO  beta: fetch ok
2026-10-09 14:43:37 INFO  acme-cache: retry scheduled
2026-10-09 14:50:50 INFO  http: heartbeat
2026-10-09 14:57:03 INFO  beta: retry scheduled
2026-10-09 14:04:16 INFO  http: retry scheduled
2026-10-09 14:11:29 INFO  http: parsed batch
2026-10-09 14:18:42 INFO  http: heartbeat
2026-10-09 14:25:55 INFO  beta: fetch ok
2026-10-09 14:32:08 INFO  beta: retry scheduled
2026-10-09 14:39:21 INFO  beta: connection reused
2026-10-09 14:46:34 INFO  beta: fetch ok
2026-10-09 14:53:47 INFO  beta: cache hit
2026-10-09 14:00:00 INFO  acme-cache: connection reused
2026-10-09 14:07:13 INFO  scheduler: heartbeat
2026-10-09 14:14:26 INFO  scheduler: cache hit
2026-10-09 14:21:39 INFO  scheduler: fetch ok
2026-10-09 14:28:52 INFO  http: retry scheduled
2026-10-09 14:35:05 INFO  beta: heartbeat
2026-10-09 14:42:18 INFO  scheduler: fetch ok
2026-10-09 14:49:31 INFO  acme-cache: connection reused
2026-10-09 14:56:44 INFO  scheduler: parsed batch
2026-10-09 14:03:57 INFO  http: parsed batch
2026-10-09 14:10:10 INFO  http: connection reused
2026-10-09 14:17:23 INFO  scheduler: retry scheduled
2026-10-09 14:24:36 INFO  beta: heartbeat
2026-10-09 14:31:49 INFO  acme-cache: heartbeat
2026-10-09 14:38:02 INFO  scheduler: fetch ok
2026-10-09 14:45:15 INFO  beta: fetch ok
2026-10-09 14:52:28 INFO  http: cache hit
2026-10-09 14:59:41 INFO  acme-cache: heartbeat
2026-10-09 14:06:54 INFO  http: parsed batch
2026-10-09 14:13:07 INFO  scheduler: connection reused
2026-10-09 14:20:20 INFO  beta: cache hit
2026-10-09 14:27:33 INFO  beta: cache hit
2026-10-09 14:34:46 INFO  beta: heartbeat
2026-10-09 14:41:59 INFO  beta: heartbeat
2026-10-09 14:48:12 INFO  beta: parsed batch
2026-10-09 14:55:25 INFO  scheduler: retry scheduled
2026-10-09 14:02:38 INFO  acme-cache: cache hit
2026-10-09 14:09:51 INFO  acme-cache: retry scheduled
2026-10-09 14:16:04 INFO  acme-cache: connection reused
2026-10-09 14:23:17 INFO  acme-cache: retry scheduled
2026-10-09 14:30:30 INFO  acme-cache: fetch ok
2026-10-09 14:37:43 INFO  http: connection reused
2026-10-09 14:44:56 INFO  http: fetch ok
2026-10-09 14:51:09 INFO  beta: connection reused
2026-10-09 14:58:22 INFO  acme-cache: cache hit
2026-10-09 14:05:35 INFO  http: parsed batch
2026-10-09 14:12:48 INFO  acme-cache: connection reused
2026-10-09 14:19:01 INFO  acme-cache: retry scheduled
2026-10-09 14:26:14 INFO  scheduler: cache hit
2026-10-09 14:33:27 INFO  beta: fetch ok
2026-10-09 15:40:40 INFO  scheduler: heartbeat
2026-10-09 15:47:53 INFO  beta: fetch ok
2026-10-09 15:54:06 INFO  beta: heartbeat
2026-10-09 15:01:19 INFO  acme-cache: fetch ok
2026-10-09 15:08:32 INFO  acme-cache: connection reused
2026-10-09 15:15:45 INFO  http: parsed batch
2026-10-09 15:22:58 INFO  scheduler: heartbeat
2026-10-09 15:29:11 INFO  scheduler: parsed batch
2026-10-09 15:36:24 INFO  beta: heartbeat
2026-10-09 15:43:37 INFO  acme-cache: cache hit
2026-10-09 15:50:50 INFO  beta: parsed batch
2026-10-09 15:57:03 INFO  beta: parsed batch
2026-10-09 15:04:16 INFO  scheduler: fetch ok
2026-10-09 15:11:29 INFO  acme-cache: cache hit
2026-10-09 15:18:42 INFO  beta: fetch ok
2026-10-09 15:25:55 INFO  http: fetch ok
2026-10-09 15:32:08 INFO  http: heartbeat
2026-10-09 15:39:21 INFO  scheduler: cache hit
2026-10-09 15:46:34 INFO  beta: retry scheduled
2026-10-09 15:53:47 INFO  beta: parsed batch
2026-10-09 15:00:00 INFO  beta: cache hit
2026-10-09 15:07:13 INFO  scheduler: heartbeat
2026-10-09 15:14:26 INFO  beta: connection reused
2026-10-09 15:21:39 INFO  http: heartbeat
2026-10-09 15:28:52 INFO  beta: fetch ok
2026-10-09 15:35:05 INFO  scheduler: parsed batch
2026-10-09 15:42:18 INFO  http: fetch ok
2026-10-09 15:49:31 INFO  http: retry scheduled
2026-10-09 15:56:44 INFO  beta: cache hit
2026-10-09 15:03:57 INFO  beta: connection reused
2026-10-09 15:10:10 INFO  beta: heartbeat
2026-10-09 15:17:23 INFO  beta: retry scheduled
2026-10-09 15:24:36 INFO  beta: cache hit
2026-10-09 15:31:49 INFO  scheduler: parsed batch
2026-10-09 15:38:02 INFO  acme-cache: connection reused
2026-10-09 15:45:15 INFO  beta: retry scheduled
2026-10-09 15:52:28 INFO  http: connection reused
2026-10-09 15:59:41 INFO  acme-cache: fetch ok
2026-10-09 15:06:54 INFO  beta: fetch ok
2026-10-09 15:13:07 INFO  http: heartbeat
2026-10-09 15:20:20 INFO  scheduler: fetch ok
2026-10-09 15:27:33 INFO  http: heartbeat
2026-10-09 15:34:46 INFO  acme-cache: retry scheduled
2026-10-09 15:41:59 INFO  acme-cache: retry scheduled
2026-10-09 15:48:12 INFO  scheduler: connection reused
2026-10-09 15:55:25 INFO  beta: connection reused
2026-10-09 15:02:38 INFO  beta: retry scheduled
2026-10-09 15:09:51 INFO  beta: fetch ok
2026-10-09 15:16:04 INFO  http: heartbeat
2026-10-09 15:23:17 INFO  scheduler: cache hit
2026-10-09 15:30:30 INFO  scheduler: fetch ok
2026-10-09 15:37:43 INFO  acme-cache: connection reused
2026-10-09 15:44:56 INFO  beta: heartbeat
2026-10-09 15:51:09 INFO  beta: parsed batch
2026-10-09 15:58:22 INFO  http: cache hit
2026-10-09 15:05:35 INFO  acme-cache: connection reused
2026-10-09 15:12:48 INFO  acme-cache: connection reused
2026-10-09 15:19:01 INFO  beta: parsed batch
2026-10-09 15:26:14 INFO  http: cache hit
2026-10-09 15:33:27 INFO  scheduler: cache hit
2026-10-09 15:40:40 INFO  http: retry scheduled
2026-10-09 15:47:53 INFO  beta: retry scheduled
2026-10-09 15:54:06 INFO  acme-cache: parsed batch
2026-10-09 15:01:19 INFO  acme-cache: connection reused
2026-10-09 15:08:32 INFO  scheduler: fetch ok
2026-10-09 15:15:45 INFO  acme-cache: parsed batch
2026-10-09 15:22:58 INFO  beta: cache hit
2026-10-09 15:29:11 INFO  acme-cache: fetch ok
2026-10-09 15:36:24 INFO  beta: fetch ok
2026-10-09 15:43:37 INFO  scheduler: retry scheduled
2026-10-09 15:50:50 INFO  acme-cache: fetch ok
2026-10-09 15:57:03 INFO  http: parsed batch
2026-10-09 15:04:16 INFO  scheduler: connection reused
2026-10-09 15:11:29 INFO  beta: heartbeat
2026-10-09 15:18:42 INFO  http: retry scheduled
2026-10-09 15:25:55 INFO  beta: connection reused
2026-10-09 15:32:08 INFO  scheduler: retry scheduled
2026-10-09 15:39:21 INFO  acme-cache: cache hit
2026-10-09 15:46:34 INFO  beta: heartbeat
2026-10-09 15:53:47 INFO  http: connection reused
2026-10-09 15:00:00 INFO  scheduler: parsed batch
2026-10-09 15:07:13 INFO  beta: parsed batch
2026-10-09 15:14:26 INFO  http: connection reused
2026-10-09 15:21:39 INFO  beta: connection reused
2026-10-09 15:28:52 INFO  acme-cache: parsed batch
2026-10-09 15:35:05 INFO  beta: cache hit
2026-10-09 15:42:18 INFO  http: fetch ok
2026-10-09 15:49:31 INFO  acme-cache: retry scheduled
2026-10-09 15:56:44 INFO  scheduler: retry scheduled
2026-10-09 15:03:57 INFO  acme-cache: parsed batch
2026-10-09 15:10:10 INFO  beta: connection reused
2026-10-09 15:17:23 INFO  beta: heartbeat
2026-10-09 15:24:36 INFO  acme-cache: cache hit
2026-10-09 15:31:49 INFO  http: retry scheduled
2026-10-09 15:38:02 INFO  acme-cache: fetch ok
2026-10-09 15:45:15 INFO  scheduler: cache hit
2026-10-09 15:52:28 INFO  acme-cache: heartbeat
2026-10-09 15:59:41 INFO  beta: heartbeat
2026-10-09 15:06:54 INFO  acme-cache: parsed batch
2026-10-09 15:13:07 INFO  scheduler: heartbeat
2026-10-09 15:20:20 INFO  http: parsed batch
2026-10-09 15:27:33 INFO  beta: fetch ok
2026-10-09 15:34:46 INFO  acme-cache: fetch ok
2026-10-09 15:41:59 INFO  beta: heartbeat
2026-10-09 15:48:12 INFO  beta: parsed batch
2026-10-09 15:55:25 INFO  acme-cache: retry scheduled
2026-10-09 15:02:38 INFO  beta: cache hit
2026-10-09 15:09:51 INFO  beta: heartbeat
2026-10-09 15:16:04 INFO  acme-cache: cache hit
2026-10-09 15:23:17 INFO  http: heartbeat
2026-10-09 15:30:30 INFO  beta: fetch ok
2026-10-09 15:37:43 INFO  beta: cache hit
2026-10-09 15:44:56 INFO  acme-cache: fetch ok
2026-10-09 15:51:09 INFO  http: heartbeat
2026-10-09 15:58:22 INFO  beta: parsed batch
2026-10-09 15:05:35 INFO  beta: cache hit
2026-10-09 15:12:48 INFO  acme-cache: fetch ok
2026-10-09 15:19:01 INFO  http: retry scheduled
2026-10-09 15:26:14 INFO  beta: connection reused
2026-10-09 15:33:27 INFO  beta: parsed batch
2026-10-09 15:40:40 INFO  scheduler: cache hit
2026-10-09 15:47:53 INFO  http: cache hit
2026-10-09 15:54:06 INFO  http: cache hit
2026-10-09 15:01:19 INFO  http: cache hit
2026-10-09 15:08:32 INFO  beta: fetch ok
2026-10-09 15:15:45 INFO  http: connection reused
2026-10-09 15:22:58 INFO  http: fetch ok
2026-10-09 15:29:11 INFO  scheduler: fetch ok
2026-10-09 15:36:24 INFO  beta: connection reused
2026-10-09 15:43:37 INFO  acme-cache: heartbeat
2026-10-09 15:50:50 INFO  scheduler: fetch ok
2026-10-09 15:57:03 INFO  beta: heartbeat
2026-10-09 15:04:16 INFO  beta: fetch ok
2026-10-09 15:11:29 INFO  acme-cache: heartbeat
2026-10-09 15:18:42 INFO  http: connection reused
2026-10-09 15:25:55 INFO  http: retry scheduled
2026-10-09 15:32:08 INFO  beta: cache hit
2026-10-09 15:39:21 INFO  beta: cache hit
2026-10-09 15:46:34 INFO  beta: heartbeat
2026-10-09 15:53:47 INFO  scheduler: connection reused
2026-10-09 15:00:00 INFO  http: retry scheduled
2026-10-09 15:07:13 INFO  acme-cache: fetch ok
2026-10-09 15:14:26 INFO  acme-cache: parsed batch
2026-10-09 15:21:39 INFO  beta: cache hit
2026-10-09 15:28:52 INFO  scheduler: heartbeat
2026-10-09 15:35:05 INFO  beta: fetch ok
2026-10-09 15:42:18 INFO  beta: parsed batch
2026-10-09 15:49:31 INFO  acme-cache: connection reused
2026-10-09 15:56:44 INFO  beta: heartbeat
2026-10-09 15:03:57 INFO  beta: cache hit
2026-10-09 15:10:10 INFO  scheduler: cache hit
2026-10-09 15:17:23 INFO  beta: heartbeat
2026-10-09 15:24:36 INFO  beta: connection reused
2026-10-09 15:31:49 INFO  scheduler: heartbeat
2026-10-09 15:38:02 INFO  scheduler: heartbeat
2026-10-09 15:45:15 INFO  acme-cache: connection reused
2026-10-09 15:52:28 INFO  http: connection reused
2026-10-09 15:59:41 INFO  scheduler: retry scheduled
2026-10-09 15:06:54 INFO  beta: retry scheduled
2026-10-09 15:13:07 INFO  http: heartbeat
2026-10-09 15:20:20 INFO  beta: parsed batch
2026-10-09 15:27:33 INFO  scheduler: fetch ok
2026-10-09 15:34:46 INFO  beta: parsed batch
2026-10-09 15:41:59 INFO  beta: connection reused
2026-10-09 15:48:12 INFO  beta: connection reused
2026-10-09 15:55:25 INFO  http: retry scheduled
2026-10-09 15:02:38 INFO  acme-cache: heartbeat
2026-10-09 15:09:51 INFO  scheduler: fetch ok
2026-10-09 15:16:04 INFO  scheduler: parsed batch
2026-10-09 15:23:17 INFO  scheduler: cache hit
2026-10-09 15:30:30 INFO  scheduler: heartbeat
2026-10-09 15:37:43 INFO  acme-cache: fetch ok
2026-10-09 15:44:56 INFO  http: retry scheduled
2026-10-09 15:51:09 INFO  beta: heartbeat
2026-10-09 15:58:22 INFO  acme-cache: retry scheduled
2026-10-09 15:05:35 INFO  acme-cache: fetch ok
2026-10-09 15:12:48 INFO  acme-cache: connection reused
2026-10-09 15:19:01 INFO  acme-cache: retry scheduled
2026-10-09 15:26:14 INFO  acme-cache: parsed batch
2026-10-09 15:33:27 INFO  beta: cache hit
2026-10-09 15:40:40 INFO  http: heartbeat
2026-10-09 15:47:53 INFO  beta: cache hit
2026-10-09 15:54:06 INFO  scheduler: parsed batch
2026-10-09 15:01:19 INFO  acme-cache: cache hit
2026-10-09 15:08:32 INFO  beta: parsed batch
2026-10-09 15:15:45 INFO  http: heartbeat
2026-10-09 15:22:58 INFO  acme-cache: connection reused
2026-10-09 15:29:11 INFO  http: connection reused
2026-10-09 15:36:24 INFO  scheduler: parsed batch
2026-10-09 15:43:37 INFO  beta: cache hit
2026-10-09 15:50:50 INFO  beta: parsed batch
2026-10-09 15:57:03 INFO  beta: cache hit
2026-10-09 15:04:16 INFO  beta: heartbeat
2026-10-09 15:11:29 INFO  beta: connection reused
2026-10-09 15:18:42 INFO  acme-cache: retry scheduled
2026-10-09 15:25:55 INFO  beta: retry scheduled
2026-10-09 15:32:08 INFO  beta: parsed batch
2026-10-09 15:39:21 INFO  beta: connection reused
2026-10-09 15:46:34 INFO  http: cache hit
2026-10-09 15:53:47 INFO  beta: fetch ok
2026-10-09 15:00:00 INFO  scheduler: parsed batch
2026-10-09 15:07:13 INFO  http: connection reused
2026-10-09 15:14:26 INFO  http: parsed batch
2026-10-09 15:21:39 INFO  beta: cache hit
2026-10-09 15:28:52 INFO  scheduler: cache hit
2026-10-09 15:35:05 INFO  beta: connection reused
2026-10-09 15:42:18 INFO  beta: fetch ok
2026-10-09 15:49:31 INFO  scheduler: fetch ok
2026-10-09 15:56:44 INFO  acme-cache: cache hit
2026-10-09 15:03:57 INFO  acme-cache: heartbeat
2026-10-09 15:10:10 INFO  acme-cache: fetch ok
2026-10-09 15:17:23 INFO  beta: retry scheduled
2026-10-09 15:24:36 INFO  beta: connection reused
2026-10-09 15:31:49 INFO  http: retry scheduled
2026-10-09 15:38:02 INFO  acme-cache: parsed batch
2026-10-09 15:45:15 INFO  beta: parsed batch
2026-10-09 15:52:28 INFO  beta: retry scheduled
2026-10-09 15:59:41 INFO  beta: cache hit
2026-10-09 15:06:54 INFO  acme-cache: heartbeat
2026-10-09 15:13:07 INFO  acme-cache: heartbeat
2026-10-09 15:20:20 INFO  acme-cache: parsed batch
2026-10-09 15:27:33 INFO  beta: parsed batch
2026-10-09 15:34:46 INFO  http: retry scheduled
2026-10-09 15:41:59 INFO  http: parsed batch
2026-10-09 15:48:12 INFO  acme-cache: retry scheduled
2026-10-09 15:55:25 INFO  beta: cache hit
2026-10-09 15:02:38 INFO  scheduler: heartbeat
2026-10-09 15:09:51 INFO  http: cache hit
2026-10-09 15:16:04 INFO  http: connection reused
2026-10-09 15:23:17 INFO  acme-cache: fetch ok
2026-10-09 15:30:30 INFO  beta: retry scheduled
2026-10-09 15:37:43 INFO  beta: heartbeat
2026-10-09 15:44:56 INFO  acme-cache: fetch ok
2026-10-09 15:51:09 INFO  beta: retry scheduled
2026-10-09 15:58:22 INFO  scheduler: heartbeat
2026-10-09 15:05:35 INFO  beta: parsed batch
2026-10-09 15:12:48 INFO  beta: heartbeat
2026-10-09 15:19:01 INFO  acme-cache: retry scheduled
2026-10-09 15:26:14 INFO  beta: retry scheduled
2026-10-09 15:33:27 INFO  beta: connection reused
2026-10-09 15:40:40 INFO  beta: fetch ok
2026-10-09 15:47:53 INFO  http: fetch ok
2026-10-09 15:54:06 INFO  http: parsed batch
2026-10-09 15:01:19 INFO  acme-cache: fetch ok
2026-10-09 15:08:32 INFO  http: parsed batch
2026-10-09 15:15:45 INFO  acme-cache: parsed batch
2026-10-09 15:22:58 INFO  http: fetch ok
2026-10-09 15:29:11 INFO  scheduler: connection reused
2026-10-09 15:36:24 INFO  http: heartbeat
2026-10-09 15:43:37 INFO  beta: parsed batch
2026-10-09 15:50:50 INFO  http: cache hit
2026-10-09 15:57:03 INFO  beta: cache hit
2026-10-09 15:04:16 INFO  beta: connection reused
2026-10-09 15:11:29 INFO  scheduler: heartbeat
2026-10-09 15:18:42 INFO  beta: heartbeat
2026-10-09 15:25:55 INFO  beta: heartbeat
2026-10-09 15:32:08 INFO  beta: retry scheduled
2026-10-09 15:39:21 INFO  beta: heartbeat
2026-10-09 15:46:34 INFO  http: fetch ok
2026-10-09 15:53:47 INFO  scheduler: fetch ok
2026-10-09 15:00:00 INFO  beta: retry scheduled
2026-10-09 15:07:13 INFO  http: fetch ok
2026-10-09 15:14:26 INFO  http: connection reused
2026-10-09 15:21:39 INFO  scheduler: heartbeat
2026-10-09 15:28:52 INFO  beta: fetch ok
2026-10-09 15:35:05 INFO  scheduler: parsed batch
2026-10-09 15:42:18 INFO  beta: retry scheduled
2026-10-09 15:49:31 INFO  scheduler: fetch ok
2026-10-09 15:56:44 INFO  beta: fetch ok
2026-10-09 15:03:57 INFO  scheduler: fetch ok
2026-10-09 15:10:10 INFO  http: heartbeat
2026-10-09 15:17:23 INFO  scheduler: retry scheduled
2026-10-09 15:24:36 INFO  beta: connection reused
2026-10-09 15:31:49 INFO  scheduler: retry scheduled
2026-10-09 15:38:02 INFO  scheduler: connection reused
2026-10-09 15:45:15 INFO  scheduler: heartbeat
2026-10-09 15:52:28 INFO  beta: connection reused
2026-10-09 15:59:41 INFO  scheduler: heartbeat
2026-10-09 15:06:54 INFO  acme-cache: parsed batch
2026-10-09 15:13:07 INFO  beta: parsed batch
2026-10-09 15:20:20 INFO  acme-cache: heartbeat
2026-10-09 15:27:33 INFO  http: heartbeat
2026-10-09 15:34:46 INFO  http: retry scheduled
2026-10-09 15:41:59 INFO  acme-cache: parsed batch
2026-10-09 15:48:12 INFO  beta: fetch ok
2026-10-09 15:55:25 INFO  beta: cache hit
2026-10-09 15:02:38 INFO  http: fetch ok
2026-10-09 15:09:51 INFO  scheduler: heartbeat
2026-10-09 15:16:04 INFO  http: parsed batch
2026-10-09 15:23:17 INFO  scheduler: cache hit
2026-10-09 15:30:30 INFO  scheduler: connection reused
2026-10-09 15:37:43 INFO  http: heartbeat
2026-10-09 15:44:56 INFO  beta: fetch ok
2026-10-09 15:51:09 INFO  beta: retry scheduled
2026-10-09 15:58:22 INFO  scheduler: heartbeat
2026-10-09 15:05:35 INFO  beta: heartbeat
2026-10-09 15:12:48 INFO  beta: fetch ok
2026-10-09 15:19:01 INFO  beta: heartbeat
2026-10-09 15:26:14 INFO  beta: fetch ok
2026-10-09 15:33:27 INFO  beta: cache hit
2026-10-09 15:40:40 INFO  scheduler: heartbeat
2026-10-09 15:47:53 INFO  beta: heartbeat
2026-10-09 15:54:06 INFO  acme-cache: connection reused
2026-10-09 15:01:19 INFO  http: fetch ok
2026-10-09 15:08:32 INFO  http: parsed batch
2026-10-09 15:15:45 INFO  scheduler: retry scheduled
2026-10-09 15:22:58 INFO  scheduler: retry scheduled
2026-10-09 15:29:11 INFO  beta: connection reused
2026-10-09 15:36:24 INFO  scheduler: connection reused
2026-10-09 15:43:37 INFO  beta: heartbeat
2026-10-09 15:50:50 INFO  scheduler: cache hit
2026-10-09 15:57:03 INFO  acme-cache: fetch ok
2026-10-09 15:04:16 INFO  http: fetch ok
2026-10-09 15:11:29 INFO  http: heartbeat
2026-10-09 15:18:42 INFO  http: retry scheduled
2026-10-09 15:25:55 INFO  acme-cache: connection reused
2026-10-09 15:32:08 INFO  scheduler: retry scheduled
2026-10-09 15:39:21 INFO  scheduler: retry scheduled
2026-10-09 15:46:34 INFO  scheduler: retry scheduled
2026-10-09 15:53:47 INFO  beta: cache hit
2026-10-09 15:00:00 INFO  http: heartbeat
2026-10-09 15:07:13 INFO  beta: parsed batch
2026-10-09 15:14:26 INFO  scheduler: cache hit
2026-10-09 15:21:39 INFO  scheduler: parsed batch
2026-10-09 15:28:52 INFO  beta: parsed batch
2026-10-09 15:35:05 INFO  scheduler: retry scheduled
2026-10-09 15:42:18 INFO  scheduler: parsed batch
2026-10-09 15:49:31 INFO  scheduler: cache hit
2026-10-09 15:56:44 INFO  scheduler: fetch ok
2026-10-09 15:03:57 INFO  beta: cache hit
2026-10-09 15:10:10 INFO  acme-cache: heartbeat
2026-10-09 15:17:23 INFO  acme-cache: retry scheduled
2026-10-09 15:24:36 INFO  beta: fetch ok
2026-10-09 15:31:49 INFO  beta: retry scheduled
2026-10-09 15:38:02 INFO  acme-cache: retry scheduled
2026-10-09 15:45:15 INFO  beta: heartbeat
2026-10-09 15:52:28 INFO  beta: fetch ok
2026-10-09 15:59:41 INFO  acme-cache: heartbeat
2026-10-09 15:06:54 INFO  acme-cache: retry scheduled
2026-10-09 15:13:07 INFO  acme-cache: retry scheduled
2026-10-09 15:20:20 INFO  scheduler: heartbeat
2026-10-09 15:27:33 INFO  beta: heartbeat
2026-10-09 15:34:46 INFO  beta: fetch ok
2026-10-09 15:41:59 INFO  http: fetch ok
2026-10-09 15:48:12 INFO  http: fetch ok
2026-10-09 15:55:25 INFO  http: parsed batch
2026-10-09 15:02:38 INFO  acme-cache: heartbeat
2026-10-09 15:09:51 INFO  http: retry scheduled
2026-10-09 15:16:04 INFO  http: heartbeat
2026-10-09 15:23:17 INFO  beta: parsed batch
2026-10-09 15:30:30 INFO  beta: fetch ok
2026-10-09 15:37:43 INFO  beta: fetch ok
2026-10-09 15:44:56 INFO  http: parsed batch
2026-10-09 15:51:09 INFO  beta: cache hit
2026-10-09 15:58:22 INFO  scheduler: heartbeat
2026-10-09 15:05:35 INFO  http: connection reused
2026-10-09 15:12:48 INFO  beta: heartbeat
2026-10-09 15:19:01 INFO  acme-cache: fetch ok
2026-10-09 15:26:14 INFO  http: parsed batch
2026-10-09 15:33:27 INFO  acme-cache: parsed batch
2026-10-09 15:40:40 INFO  beta: heartbeat
2026-10-09 15:47:53 INFO  beta: retry scheduled
2026-10-09 15:54:06 INFO  scheduler: retry scheduled
2026-10-09 15:01:19 INFO  beta: cache hit
2026-10-09 15:08:32 INFO  acme-cache: heartbeat
2026-10-09 15:15:45 INFO  beta: retry scheduled
2026-10-09 15:22:58 INFO  beta: fetch ok
2026-10-09 15:29:11 INFO  beta: connection reused
2026-10-09 15:36:24 INFO  beta: retry scheduled
2026-10-09 15:43:37 INFO  beta: cache hit
2026-10-09 15:50:50 INFO  beta: connection reused
2026-10-09 15:57:03 INFO  beta: retry scheduled
2026-10-09 15:04:16 INFO  acme-cache: cache hit
2026-10-09 15:11:29 INFO  beta: heartbeat
2026-10-09 15:18:42 INFO  scheduler: retry scheduled
2026-10-09 15:25:55 INFO  acme-cache: parsed batch
2026-10-09 15:32:08 INFO  beta: parsed batch
2026-10-09 15:39:21 INFO  http: fetch ok
2026-10-09 15:46:34 INFO  beta: parsed batch
2026-10-09 15:53:47 INFO  beta: retry scheduled
2026-10-09 15:00:00 INFO  http: connection reused
2026-10-09 15:07:13 INFO  http: retry scheduled
2026-10-09 15:14:26 INFO  beta: retry scheduled
2026-10-09 15:21:39 INFO  acme-cache: fetch ok
2026-10-09 15:28:52 INFO  beta: connection reused
2026-10-09 15:35:05 INFO  beta: cache hit
2026-10-09 15:42:18 INFO  http: fetch ok
2026-10-09 15:49:31 INFO  acme-cache: fetch ok
2026-10-09 15:56:44 INFO  acme-cache: heartbeat
2026-10-09 15:03:57 INFO  acme-cache: fetch ok
2026-10-09 15:10:10 INFO  acme-cache: cache hit
2026-10-09 15:17:23 INFO  http: cache hit
2026-10-09 15:24:36 INFO  beta: connection reused
2026-10-09 15:31:49 INFO  scheduler: heartbeat
2026-10-09 15:38:02 INFO  http: cache hit
2026-10-09 15:45:15 INFO  beta: retry scheduled
2026-10-09 15:52:28 INFO  acme-cache: fetch ok
2026-10-09 15:59:41 INFO  beta: connection reused
2026-10-09 15:06:54 INFO  http: cache hit
2026-10-09 15:13:07 INFO  beta: cache hit
2026-10-09 16:20:20 INFO  beta: parsed batch
2026-10-09 16:27:33 INFO  http: parsed batch
2026-10-09 16:34:46 INFO  http: connection reused
2026-10-09 16:41:59 INFO  beta: heartbeat
2026-10-09 16:48:12 INFO  beta: cache hit
2026-10-09 16:55:25 INFO  http: connection reused
2026-10-09 16:02:38 INFO  acme-cache: parsed batch
2026-10-09 16:09:51 INFO  beta: retry scheduled
2026-10-09 16:16:04 INFO  beta: parsed batch
2026-10-09 16:23:17 INFO  http: cache hit
2026-10-09 16:30:30 INFO  beta: connection reused
2026-10-09 16:37:43 INFO  acme-cache: cache hit
2026-10-09 16:44:56 INFO  http: fetch ok
2026-10-09 16:51:09 INFO  beta: connection reused
2026-10-09 16:58:22 INFO  http: parsed batch
2026-10-09 16:05:35 INFO  scheduler: connection reused
2026-10-09 16:12:48 INFO  acme-cache: heartbeat
2026-10-09 16:19:01 INFO  http: heartbeat
2026-10-09 16:26:14 INFO  scheduler: fetch ok
2026-10-09 16:33:27 INFO  beta: parsed batch
2026-10-09 16:40:40 INFO  beta: cache hit
2026-10-09 16:47:53 INFO  acme-cache: connection reused
2026-10-09 16:54:06 INFO  beta: parsed batch
2026-10-09 16:01:19 INFO  beta: fetch ok
2026-10-09 16:08:32 INFO  acme-cache: retry scheduled
2026-10-09 16:15:45 INFO  beta: heartbeat
2026-10-09 16:22:58 INFO  beta: parsed batch
2026-10-09 16:29:11 INFO  scheduler: cache hit
2026-10-09 16:36:24 INFO  http: retry scheduled
2026-10-09 16:43:37 INFO  http: connection reused
2026-10-09 16:50:50 INFO  scheduler: heartbeat
2026-10-09 16:57:03 INFO  scheduler: heartbeat
2026-10-09 16:04:16 INFO  http: heartbeat
2026-10-09 16:11:29 INFO  beta: cache hit
2026-10-09 16:18:42 INFO  scheduler: retry scheduled
2026-10-09 16:25:55 INFO  acme-cache: connection reused
2026-10-09 16:32:08 INFO  acme-cache: connection reused
2026-10-09 16:39:21 INFO  beta: heartbeat
2026-10-09 16:46:34 INFO  http: retry scheduled
2026-10-09 16:53:47 INFO  http: fetch ok
2026-10-09 16:00:00 INFO  scheduler: cache hit
2026-10-09 16:07:13 INFO  scheduler: retry scheduled
2026-10-09 16:14:26 INFO  acme-cache: parsed batch
2026-10-09 16:21:39 INFO  beta: fetch ok
2026-10-09 16:28:52 INFO  acme-cache: cache hit
2026-10-09 16:35:05 INFO  scheduler: retry scheduled
2026-10-09 16:42:18 INFO  beta: cache hit
2026-10-09 16:49:31 INFO  http: parsed batch
2026-10-09 16:56:44 INFO  beta: cache hit
2026-10-09 16:03:57 INFO  http: parsed batch
2026-10-09 16:10:10 INFO  acme-cache: heartbeat
2026-10-09 16:17:23 INFO  scheduler: connection reused
2026-10-09 16:24:36 INFO  http: cache hit
2026-10-09 16:31:49 INFO  beta: fetch ok
2026-10-09 16:38:02 INFO  beta: fetch ok
2026-10-09 16:45:15 INFO  acme-cache: parsed batch
2026-10-09 16:52:28 INFO  beta: fetch ok
2026-10-09 16:59:41 INFO  beta: heartbeat
2026-10-09 16:06:54 INFO  beta: connection reused
2026-10-09 16:13:07 INFO  acme-cache: heartbeat
2026-10-09 16:20:20 INFO  beta: connection reused
2026-10-09 16:27:33 INFO  beta: fetch ok
2026-10-09 16:34:46 INFO  http: retry scheduled
2026-10-09 16:41:59 INFO  acme-cache: retry scheduled
2026-10-09 16:48:12 INFO  beta: cache hit
2026-10-09 16:55:25 INFO  scheduler: heartbeat
2026-10-09 16:02:38 INFO  beta: retry scheduled
2026-10-09 16:09:51 INFO  beta: retry scheduled
2026-10-09 16:16:04 INFO  scheduler: fetch ok
2026-10-09 16:23:17 INFO  beta: heartbeat
2026-10-09 16:30:30 INFO  beta: fetch ok
2026-10-09 16:37:43 INFO  scheduler: connection reused
2026-10-09 16:44:56 INFO  beta: cache hit
2026-10-09 16:51:09 INFO  beta: cache hit
2026-10-09 16:58:22 INFO  acme-cache: heartbeat
2026-10-09 16:05:35 INFO  http: fetch ok
2026-10-09 16:12:48 INFO  http: heartbeat
2026-10-09 16:19:01 INFO  scheduler: heartbeat
2026-10-09 16:26:14 INFO  http: cache hit
2026-10-09 16:33:27 INFO  acme-cache: cache hit
2026-10-09 16:40:40 INFO  scheduler: cache hit
2026-10-09 16:47:53 INFO  beta: retry scheduled
2026-10-09 16:54:06 INFO  http: heartbeat
2026-10-09 16:01:19 INFO  beta: cache hit
2026-10-09 16:08:32 INFO  http: cache hit
2026-10-09 16:15:45 INFO  acme-cache: connection reused
2026-10-09 16:22:58 INFO  beta: fetch ok
2026-10-09 16:29:11 INFO  scheduler: cache hit
2026-10-09 16:36:24 INFO  http: heartbeat
2026-10-09 16:43:37 INFO  scheduler: cache hit
2026-10-09 16:50:50 INFO  scheduler: retry scheduled
2026-10-09 16:57:03 INFO  http: heartbeat
2026-10-09 16:04:16 INFO  scheduler: cache hit
2026-10-09 16:11:29 INFO  acme-cache: cache hit
2026-10-09 16:18:42 INFO  beta: connection reused
2026-10-09 16:25:55 INFO  beta: heartbeat
2026-10-09 16:32:08 INFO  beta: retry scheduled
2026-10-09 16:39:21 INFO  beta: connection reused
2026-10-09 16:46:34 INFO  acme-cache: fetch ok
2026-10-09 16:53:47 INFO  http: cache hit
2026-10-09 16:00:00 INFO  acme-cache: cache hit
2026-10-09 16:07:13 INFO  scheduler: fetch ok
2026-10-09 16:14:26 INFO  beta: retry scheduled
2026-10-09 16:21:39 INFO  http: fetch ok
2026-10-09 16:28:52 INFO  http: cache hit
2026-10-09 16:35:05 INFO  scheduler: heartbeat
2026-10-09 16:42:18 INFO  beta: fetch ok
2026-10-09 16:49:31 INFO  http: cache hit
2026-10-09 16:56:44 INFO  beta: retry scheduled
2026-10-09 16:03:57 INFO  beta: connection reused
2026-10-09 16:10:10 INFO  beta: heartbeat
2026-10-09 16:17:23 INFO  beta: heartbeat
2026-10-09 16:24:36 INFO  scheduler: retry scheduled
2026-10-09 16:31:49 INFO  http: cache hit
2026-10-09 16:38:02 INFO  beta: parsed batch
2026-10-09 16:45:15 INFO  beta: parsed batch
2026-10-09 16:52:28 INFO  beta: fetch ok
2026-10-09 16:59:41 INFO  acme-cache: retry scheduled
2026-10-09 16:06:54 INFO  beta: connection reused
2026-10-09 16:13:07 INFO  beta: heartbeat
2026-10-09 16:20:20 INFO  beta: parsed batch
2026-10-09 16:27:33 INFO  beta: connection reused
2026-10-09 16:34:46 INFO  acme-cache: connection reused
2026-10-09 16:41:59 INFO  scheduler: retry scheduled
2026-10-09 16:48:12 INFO  scheduler: parsed batch
2026-10-09 16:55:25 INFO  beta: parsed batch
2026-10-09 16:02:38 INFO  http: retry scheduled
2026-10-09 16:09:51 INFO  beta: cache hit
2026-10-09 16:16:04 INFO  http: heartbeat
2026-10-09 16:23:17 INFO  beta: heartbeat
2026-10-09 16:30:30 INFO  http: parsed batch
2026-10-09 16:37:43 INFO  http: heartbeat
2026-10-09 16:44:56 INFO  acme-cache: cache hit
2026-10-09 16:51:09 INFO  beta: heartbeat
2026-10-09 16:58:22 INFO  beta: parsed batch
2026-10-09 16:05:35 INFO  beta: parsed batch
2026-10-09 16:12:48 INFO  http: connection reused
2026-10-09 16:19:01 INFO  beta: retry scheduled
2026-10-09 16:26:14 INFO  http: heartbeat
2026-10-09 16:33:27 INFO  http: connection reused
2026-10-09 16:40:40 INFO  http: fetch ok
2026-10-09 16:47:53 INFO  scheduler: heartbeat
2026-10-09 16:54:06 INFO  scheduler: fetch ok
2026-10-09 16:01:19 INFO  http: fetch ok
2026-10-09 16:08:32 INFO  beta: connection reused
2026-10-09 16:15:45 INFO  scheduler: fetch ok
2026-10-09 16:22:58 INFO  acme-cache: parsed batch
2026-10-09 16:29:11 INFO  acme-cache: cache hit
2026-10-09 16:36:24 INFO  acme-cache: retry scheduled
2026-10-09 16:43:37 INFO  scheduler: cache hit
2026-10-09 16:50:50 INFO  scheduler: retry scheduled
2026-10-09 16:57:03 INFO  acme-cache: cache hit
2026-10-09 16:04:16 INFO  http: connection reused
2026-10-09 16:11:29 INFO  http: cache hit
2026-10-09 16:18:42 INFO  beta: connection reused
2026-10-09 16:25:55 INFO  acme-cache: parsed batch
2026-10-09 16:32:08 INFO  http: fetch ok
2026-10-09 16:39:21 INFO  acme-cache: connection reused
2026-10-09 16:46:34 INFO  beta: parsed batch
2026-10-09 16:53:47 INFO  http: parsed batch
2026-10-09 16:00:00 INFO  scheduler: cache hit
2026-10-09 16:07:13 INFO  acme-cache: parsed batch
2026-10-09 16:14:26 INFO  scheduler: parsed batch
2026-10-09 16:21:39 INFO  http: cache hit
2026-10-09 16:28:52 INFO  beta: cache hit
2026-10-09 16:35:05 INFO  beta: fetch ok
2026-10-09 16:42:18 INFO  beta: retry scheduled
2026-10-09 16:49:31 INFO  acme-cache: cache hit
2026-10-09 16:56:44 INFO  beta: connection reused
2026-10-09 16:03:57 INFO  scheduler: parsed batch
2026-10-09 16:10:10 INFO  beta: connection reused
2026-10-09 16:17:23 INFO  scheduler: retry scheduled
2026-10-09 16:24:36 INFO  beta: cache hit
2026-10-09 16:31:49 INFO  beta: cache hit
2026-10-09 16:38:02 INFO  acme-cache: fetch ok
2026-10-09 16:45:15 INFO  beta: connection reused
2026-10-09 16:52:28 INFO  acme-cache: cache hit
2026-10-09 16:59:41 INFO  beta: connection reused
2026-10-09 16:06:54 INFO  scheduler: retry scheduled
2026-10-09 16:13:07 INFO  beta: connection reused
2026-10-09 16:20:20 INFO  beta: heartbeat
2026-10-09 16:27:33 INFO  beta: fetch ok
2026-10-09 16:34:46 INFO  beta: cache hit
2026-10-09 16:41:59 INFO  scheduler: connection reused
2026-10-09 16:48:12 INFO  beta: heartbeat
2026-10-09 16:55:25 INFO  http: connection reused
2026-10-09 16:02:38 INFO  beta: retry scheduled
2026-10-09 16:09:51 INFO  beta: retry scheduled
2026-10-09 16:16:04 INFO  beta: retry scheduled
2026-10-09 16:23:17 INFO  beta: fetch ok
2026-10-09 16:30:30 INFO  http: connection reused
2026-10-09 16:37:43 INFO  beta: retry scheduled
2026-10-09 16:44:56 INFO  beta: retry scheduled
2026-10-09 16:51:09 INFO  beta: fetch ok
2026-10-09 16:58:22 INFO  acme-cache: retry scheduled
2026-10-09 16:05:35 INFO  beta: retry scheduled
2026-10-09 16:12:48 INFO  beta: fetch ok
2026-10-09 16:19:01 INFO  scheduler: heartbeat
2026-10-09 16:26:14 INFO  acme-cache: fetch ok
2026-10-09 16:33:27 INFO  beta: heartbeat
2026-10-09 16:40:40 INFO  acme-cache: cache hit
2026-10-09 16:47:53 INFO  beta: fetch ok
2026-10-09 16:54:06 INFO  beta: heartbeat
2026-10-09 16:01:19 INFO  beta: heartbeat
2026-10-09 16:08:32 INFO  beta: parsed batch
2026-10-09 16:15:45 INFO  acme-cache: connection reused
2026-10-09 16:22:58 INFO  beta: connection reused
2026-10-09 16:29:11 INFO  beta: retry scheduled
2026-10-09 16:36:24 INFO  beta: connection reused
2026-10-09 16:43:37 INFO  beta: heartbeat
2026-10-09 16:50:50 INFO  scheduler: connection reused
2026-10-09 16:57:03 INFO  acme-cache: retry scheduled
2026-10-09 16:04:16 INFO  http: connection reused
2026-10-09 16:11:29 INFO  beta: retry scheduled
2026-10-09 16:18:42 INFO  acme-cache: fetch ok
2026-10-09 16:25:55 INFO  scheduler: connection reused
2026-10-09 16:32:08 INFO  acme-cache: connection reused
2026-10-09 16:39:21 INFO  scheduler: fetch ok
2026-10-09 16:46:34 INFO  beta: heartbeat
2026-10-09 16:53:47 INFO  acme-cache: heartbeat
2026-10-09 16:00:00 INFO  beta: connection reused
2026-10-09 16:07:13 INFO  scheduler: connection reused
2026-10-09 16:14:26 INFO  http: parsed batch
2026-10-09 16:21:39 INFO  scheduler: fetch ok
2026-10-09 16:28:52 INFO  beta: heartbeat
2026-10-09 16:35:05 INFO  scheduler: parsed batch
2026-10-09 16:42:18 INFO  beta: cache hit
2026-10-09 16:49:31 INFO  scheduler: fetch ok
2026-10-09 16:56:44 INFO  beta: cache hit
2026-10-09 16:03:57 INFO  beta: connection reused
2026-10-09 16:10:10 INFO  scheduler: retry scheduled
2026-10-09 16:17:23 INFO  http: retry scheduled
2026-10-09 16:24:36 INFO  beta: heartbeat
2026-10-09 16:31:49 INFO  beta: connection reused
2026-10-09 16:38:02 INFO  beta: parsed batch
2026-10-09 16:45:15 INFO  scheduler: retry scheduled
2026-10-09 16:52:28 INFO  http: parsed batch
2026-10-09 16:59:41 INFO  beta: cache hit
2026-10-09 16:06:54 INFO  beta: fetch ok
2026-10-09 16:13:07 INFO  http: retry scheduled
2026-10-09 16:20:20 INFO  scheduler: cache hit
2026-10-09 16:27:33 INFO  beta: heartbeat
2026-10-09 16:34:46 INFO  http: heartbeat
2026-10-09 16:41:59 INFO  http: retry scheduled
2026-10-09 16:48:12 INFO  beta: heartbeat
2026-10-09 16:55:25 INFO  http: heartbeat
2026-10-09 16:02:38 INFO  beta: retry scheduled
2026-10-09 16:09:51 INFO  beta: cache hit
2026-10-09 16:16:04 INFO  http: cache hit
2026-10-09 16:23:17 INFO  scheduler: cache hit
2026-10-09 16:30:30 INFO  scheduler: fetch ok
2026-10-09 16:37:43 INFO  acme-cache: fetch ok
2026-10-09 16:44:56 INFO  beta: connection reused
2026-10-09 16:51:09 INFO  acme-cache: heartbeat
2026-10-09 16:58:22 INFO  beta: cache hit
2026-10-09 16:05:35 INFO  scheduler: connection reused
2026-10-09 16:12:48 INFO  beta: fetch ok
2026-10-09 16:19:01 INFO  http: heartbeat
2026-10-09 16:26:14 INFO  beta: connection reused
2026-10-09 16:33:27 INFO  http: cache hit
2026-10-09 16:40:40 INFO  http: retry scheduled
2026-10-09 16:47:53 INFO  beta: retry scheduled
2026-10-09 16:54:06 INFO  beta: parsed batch
2026-10-09 16:01:19 INFO  beta: connection reused
2026-10-09 16:08:32 INFO  acme-cache: heartbeat
2026-10-09 16:15:45 INFO  beta: parsed batch
2026-10-09 16:22:58 INFO  scheduler: connection reused
2026-10-09 16:29:11 INFO  beta: fetch ok
2026-10-09 16:36:24 INFO  scheduler: fetch ok
2026-10-09 16:43:37 INFO  beta: fetch ok
2026-10-09 16:50:50 INFO  beta: retry scheduled
2026-10-09 16:57:03 INFO  beta: cache hit
2026-10-09 16:04:16 INFO  http: heartbeat
2026-10-09 16:11:29 INFO  acme-cache: heartbeat
2026-10-09 16:18:42 INFO  beta: fetch ok
2026-10-09 16:25:55 INFO  http: fetch ok
2026-10-09 16:32:08 INFO  beta: connection reused
2026-10-09 16:39:21 INFO  beta: parsed batch
2026-10-09 16:46:34 INFO  beta: fetch ok
2026-10-09 16:53:47 INFO  http: parsed batch
2026-10-09 16:00:00 INFO  acme-cache: fetch ok
2026-10-09 16:07:13 INFO  http: retry scheduled
2026-10-09 16:14:26 INFO  beta: fetch ok
2026-10-09 16:21:39 INFO  http: heartbeat
2026-10-09 16:28:52 INFO  http: fetch ok
2026-10-09 16:35:05 INFO  scheduler: fetch ok
2026-10-09 16:42:18 INFO  beta: heartbeat
2026-10-09 16:49:31 INFO  http: cache hit
2026-10-09 16:56:44 INFO  acme-cache: connection reused
2026-10-09 16:03:57 INFO  beta: heartbeat
2026-10-09 16:10:10 INFO  scheduler: cache hit
2026-10-09 16:17:23 INFO  scheduler: cache hit
2026-10-09 16:24:36 INFO  http: heartbeat
2026-10-09 16:31:49 INFO  scheduler: fetch ok
2026-10-09 16:38:02 INFO  http: parsed batch
2026-10-09 16:45:15 INFO  beta: parsed batch
2026-10-09 16:52:28 INFO  beta: fetch ok
2026-10-09 16:59:41 INFO  scheduler: heartbeat
2026-10-09 16:06:54 INFO  http: cache hit
2026-10-09 16:13:07 INFO  scheduler: connection reused
2026-10-09 16:20:20 INFO  beta: parsed batch
2026-10-09 16:27:33 INFO  beta: connection reused
2026-10-09 16:34:46 INFO  beta: retry scheduled
2026-10-09 16:41:59 INFO  http: retry scheduled
2026-10-09 16:48:12 INFO  beta: heartbeat
2026-10-09 16:55:25 INFO  beta: retry scheduled
2026-10-09 16:02:38 INFO  acme-cache: cache hit
2026-10-09 16:09:51 INFO  beta: fetch ok
2026-10-09 16:16:04 INFO  beta: fetch ok
2026-10-09 16:23:17 INFO  acme-cache: heartbeat
2026-10-09 16:30:30 INFO  beta: heartbeat
2026-10-09 16:37:43 INFO  scheduler: fetch ok
2026-10-09 16:44:56 INFO  beta: retry scheduled
2026-10-09 16:51:09 INFO  acme-cache: cache hit
2026-10-09 16:58:22 INFO  beta: fetch ok
2026-10-09 16:05:35 INFO  beta: fetch ok
2026-10-09 16:12:48 INFO  http: parsed batch
2026-10-09 16:19:01 INFO  http: heartbeat
2026-10-09 16:26:14 INFO  scheduler: retry scheduled
2026-10-09 16:33:27 INFO  http: cache hit
2026-10-09 16:40:40 INFO  beta: cache hit
2026-10-09 16:47:53 INFO  beta: cache hit
2026-10-09 16:54:06 INFO  scheduler: parsed batch
2026-10-09 16:01:19 INFO  scheduler: heartbeat
2026-10-09 16:08:32 INFO  beta: retry scheduled
2026-10-09 16:15:45 INFO  beta: heartbeat
2026-10-09 16:22:58 INFO  acme-cache: retry scheduled
2026-10-09 16:29:11 INFO  scheduler: cache hit
2026-10-09 16:36:24 INFO  http: parsed batch
2026-10-09 16:43:37 INFO  http: connection reused
2026-10-09 16:50:50 INFO  scheduler: parsed batch
2026-10-09 16:57:03 INFO  beta: fetch ok
2026-10-09 16:04:16 INFO  http: cache hit
2026-10-09 16:11:29 INFO  beta: fetch ok
2026-10-09 16:18:42 INFO  scheduler: connection reused
2026-10-09 16:25:55 INFO  acme-cache: cache hit
2026-10-09 16:32:08 INFO  scheduler: connection reused
2026-10-09 16:39:21 INFO  http: retry scheduled
2026-10-09 16:46:34 INFO  http: cache hit
2026-10-09 16:53:47 INFO  scheduler: heartbeat
2026-10-09 16:00:00 INFO  beta: heartbeat
2026-10-09 16:07:13 INFO  http: cache hit
2026-10-09 16:14:26 INFO  beta: parsed batch
2026-10-09 16:21:39 INFO  acme-cache: parsed batch
2026-10-09 16:28:52 INFO  http: cache hit
2026-10-09 16:35:05 INFO  beta: heartbeat
2026-10-09 16:42:18 INFO  beta: retry scheduled
2026-10-09 16:49:31 INFO  http: parsed batch
2026-10-09 16:56:44 INFO  beta: fetch ok
2026-10-09 16:03:57 INFO  beta: parsed batch
2026-10-09 16:10:10 INFO  beta: parsed batch
2026-10-09 16:17:23 INFO  acme-cache: fetch ok
2026-10-09 16:24:36 INFO  http: cache hit
2026-10-09 16:31:49 INFO  beta: heartbeat
2026-10-09 16:38:02 INFO  beta: retry scheduled
2026-10-09 16:45:15 INFO  acme-cache: fetch ok
2026-10-09 16:52:28 INFO  http: connection reused
2026-10-09 16:59:41 INFO  http: fetch ok
2026-10-09 16:06:54 INFO  scheduler: parsed batch
2026-10-09 16:13:07 INFO  acme-cache: fetch ok
2026-10-09 16:20:20 INFO  acme-cache: parsed batch
2026-10-09 16:27:33 INFO  http: parsed batch
2026-10-09 16:34:46 INFO  acme-cache: retry scheduled
2026-10-09 16:41:59 INFO  acme-cache: connection reused
2026-10-09 16:48:12 INFO  beta: retry scheduled
2026-10-09 16:55:25 INFO  acme-cache: parsed batch
2026-10-09 16:02:38 INFO  acme-cache: parsed batch
2026-10-09 16:09:51 INFO  beta: parsed batch
2026-10-09 16:16:04 INFO  beta: fetch ok
2026-10-09 16:23:17 INFO  scheduler: fetch ok
2026-10-09 16:30:30 INFO  scheduler: connection reused
2026-10-09 16:37:43 INFO  http: connection reused
2026-10-09 16:44:56 INFO  scheduler: heartbeat
2026-10-09 16:51:09 INFO  scheduler: fetch ok
2026-10-09 16:58:22 INFO  beta: connection reused
2026-10-09 16:05:35 INFO  acme-cache: heartbeat
2026-10-09 16:12:48 INFO  http: retry scheduled
2026-10-09 16:19:01 INFO  http: fetch ok
2026-10-09 16:26:14 INFO  scheduler: retry scheduled
2026-10-09 16:33:27 INFO  acme-cache: parsed batch
2026-10-09 16:40:40 INFO  acme-cache: retry scheduled
2026-10-09 16:47:53 INFO  beta: cache hit
2026-10-09 16:54:06 INFO  acme-cache: cache hit
2026-10-09 16:01:19 INFO  http: cache hit
2026-10-09 16:08:32 INFO  beta: retry scheduled
2026-10-09 16:15:45 INFO  beta: cache hit
2026-10-09 16:22:58 INFO  acme-cache: fetch ok
2026-10-09 16:29:11 INFO  beta: connection reused
2026-10-09 16:36:24 INFO  http: retry scheduled
2026-10-09 16:43:37 INFO  beta: parsed batch
2026-10-09 16:50:50 INFO  scheduler: retry scheduled
2026-10-09 16:57:03 INFO  beta: fetch ok
2026-10-09 16:04:16 INFO  scheduler: retry scheduled
2026-10-09 16:11:29 INFO  scheduler: connection reused
2026-10-09 16:18:42 INFO  http: heartbeat
2026-10-09 16:25:55 INFO  beta: fetch ok
2026-10-09 16:32:08 INFO  acme-cache: retry scheduled
2026-10-09 16:39:21 INFO  beta: connection reused
2026-10-09 16:46:34 INFO  scheduler: fetch ok
2026-10-09 16:53:47 INFO  beta: parsed batch
